passenger_class,name,age,embarked,home_destination,sex,survive
1st,"Allen,MissElisabethWalton",29,Southampton,"StLouis,MO",female,1
1st,"Allison,MissHelenLoraine",2,Southampton,"Montreal,PQ/Chesterville,ON",female,0
1st,"Allison,MrHudsonJoshuaCreighton",30,Southampton,"Montreal,PQ/Chesterville,ON",male,0
1st,"Allison,MrsHudsonJ.C.(BessieWaldoDaniels)",25,Southampton,"Montreal,PQ/Chesterville,ON",female,0
1st,"Allison,MasterHudsonTrevor",0.9167,Southampton,"Montreal,PQ/Chesterville,ON",male,1
1st,"Anderson,MrHarry",47,Southampton,"NewYork,NY",male,1
1st,"Andrews,MissKorneliaTheodosia",63,Southampton,"Hudson,NY",female,1
1st,"Andrews,MrThomas,jr",39,Southampton,"Belfast,NI",male,0
1st,"Appleton,MrsEdwardDale(CharlotteLamson)",58,Southampton,"Bayside,Queens,NY",female,1
1st,"Artagaveytia,MrRamon",71,Cherbourg,"Montevideo,Uruguay",male,0
1st,"Astor,ColonelJohnJacob",47,Cherbourg,"NewYork,NY",male,0
1st,"Astor,MrsJohnJacob(MadeleineTalmadgeForce)",19,Cherbourg,"NewYork,NY",female,1
1st,"Aubert,MrsLeontinePauline",30,Cherbourg,"Paris,France",female,1
1st,"Barkworth,MrAlgernonH.",30,Southampton,"Hessle,Yorks",male,1
1st,"Baumann,MrJohnD.",30,Southampton,"NewYork,NY",male,0
1st,"Baxter,MrsJames(HeleneDeLaudeniereChaput)",50,Cherbourg,"Montreal,PQ",female,1
1st,"Baxter,MrQuiggEdmond",24,Cherbourg,"Montreal,PQ",male,0
1st,"Beattie,MrThomson",36,Cherbourg,"Winnipeg,MN",male,0
1st,"Beckwith,MrRichardLeonard",37,Southampton,"NewYork,NY",male,1
1st,"Beckwith,MrsRichardLeonard(SallieMonypeny)",47,Southampton,"NewYork,NY",female,1
1st,"Behr,MrKarlHowell",26,Cherbourg,"NewYork,NY",male,1
1st,"Birnbaum,MrJakob",25,Cherbourg,"SanFrancisco,CA",male,0
1st,"Bishop,MrDickinsonH.",25,Cherbourg,"Dowagiac,MI",male,1
1st,"Bishop,MrsDickinsonH.(HelenWalton)",19,Cherbourg,"Dowagiac,MI",female,1
1st,"Bjornstrm-Steffansson,MrMauritzHakan",28,Southampton,"Stockholm,Sweden/Washington,DC",male,1
1st,"Blackwell,MrStephenWeart",45,Southampton,"Trenton,NJ",male,0
1st,"Blank,MrHenry",39,Cherbourg,"GlenRidge,NJ",male,1
1st,"Bonnell,MissCaroline",30,Southampton,"Youngstown,OH",female,1
1st,"Bonnell,MissElizabeth",58,Southampton,"Birkdale,EnglandCleveland,Ohio",female,1
1st,"Borebank,MrJohnJames",30,Southampton,"London/Winnipeg,MB",male,0
1st,"Bowen,MissGraceScott",45,Cherbourg,"Cooperstown,NY",female,1
1st,"Bowerman,MissElsieEdith",22,Southampton,"StLeonards-on-Sea,EnglandOhio",female,1
1st,"Bradley,MrGeorge",30,Southampton,"LosAngeles,CA",male,1
1st,"Brady,MrJohnBertram",41,Southampton,"Pomeroy,WA",male,0
1st,"Brandeis,MrEmil",48,Cherbourg,"Omaha,NE",male,0
1st,"Brewe,DrArthurJackson",30,Cherbourg,"Philadelphia,PA",male,0
1st,"Brown,MrsJamesJoseph(MargaretMolly""Tobin)""""""",44,Cherbourg,"Denver,CO",female,1
1st,"Brown,MrsJohnMurray(CarolineLaneLamson)",59,Southampton,"Belmont,MA",female,1
1st,"Bucknell,MrsWilliamRobert(EmmaElizaWard)",60,Cherbourg,"Philadelphia,PA",female,1
1st,"Butt,MajorArchibaldWillingham",45,Southampton,"Washington,DC",male,0
1st,"Calderhead,MrEdwardP.",30,Southampton,"NewYork,NY",male,1
1st,"Candee,MrsEdward(HelenChurchillHungerford)",53,Cherbourg,"Washington,DC",female,1
1st,"Cardeza,MrsJamesWarburtonMartinez(CharlotteWardleDrake)",58,Cherbourg,"Germantown,Philadelphia,PA",female,1
1st,"Cardeza,MrThomasDrakeMartinez",36,Cherbourg,"Austria-Hungary/Germantown,Philadelphia,PA",male,1
1st,"Carlsson,MrFransOlof",33,Southampton,"NewYork,NY",male,0
1st,"Carrau,MrFranciscoM.",30,Southampton,"Montevideo,Uruguay",male,0
1st,"Carrau,MrJosePedro",30,Southampton,"Montevideo,Uruguay",male,0
1st,"Carter,MrWilliamErnest",36,Southampton,"BrynMawr,PA",male,1
1st,"Carter,MrsWilliamErnest(LucilePolk)",36,Southampton,"BrynMawr,PA",female,1
1st,"Carter,MissLucilePolk",14,Southampton,"BrynMawr,PA",female,1
1st,"Carter,MasterWilliamT.II",11,Southampton,"BrynMawr,PA",male,1
1st,"Case,MrHowardBrown",49,Southampton,"Ascot,Berkshire/Rochester,NY",male,0
1st,"Cassebeer,MrsHenryArthurjr(GenevieveFosdick)",30,Cherbourg,"NewYork,NY",female,1
1st,"Cavendish,MrTyrellWilliam",36,Southampton,"LittleOnnHall,Staffs",male,0
1st,"Cavendish,MrsTyrellWilliamJuliaFlorenceSiegel",30,Southampton,"LittleOnnHall,Staffs",female,1
1st,"Chaffee,MrHerbertFuller",46,Southampton,"Amenia,ND",male,0
1st,"Chaffee,MrsHerbertFuller(CarrieConstanceToogood)",47,Southampton,"Amenia,ND",female,1
1st,"Chambers,MrNormanCampbell",27,Southampton,"NewYork,NY/Ithaca,NY",male,1
1st,"Chambers,MrsNormanCampbell(BerthaGriggs)",31,Southampton,"NewYork,NY/Ithaca,NY",female,1
1st,"Cherry,MissGladys",30,Southampton,"London,England",female,1
1st,"Chevre,MrPaul",30,Cherbourg,"Paris,France",male,1
1st,"Chibnall(Bowerman),MrsEdithMartha",30,Southampton,"StLeonards-on-Sea,EnglandOhio",female,1
1st,"Chisholm,MrRoderickRobert",30,Southampton,"Liverpool,England/Belfast",male,0
1st,"Clark,MrWalterMiller",27,Cherbourg,"LosAngeles,CA",male,0
1st,"Clark,MrsWalterMiller(VirginiaMcDowell)",26,Cherbourg,"LosAngeles,CA",female,1
1st,"Clifford,MrGeorgeQuincy",30,Southampton,"Stoughton,MA",male,0
1st,"Colley,MrEdwardPomeroy",30,Southampton,"Victoria,BC",male,0
1st,"Compton,MrsAlexanderTaylor(MaryElizaIngersoll)",64,Cherbourg,"Lakewood,NJ",female,1
1st,"Compton,MrAlexanderTaylor,Jr",37,Cherbourg,"Lakewood,NJ",male,0
1st,"Compton,MissSaraRebecca",39,Cherbourg,"Lakewood,NJ",female,1
1st,"Cornell,MrsRobertClifford(MalvinaHelenLamson)",55,Southampton,"NewYork,NY",female,1
1st,"Crafton,MrJohnBertram",30,Southampton,"Roachdale,IN",male,0
1st,"Crosby,CaptainEdwardGifford",70,Southampton,"Milwaukee,WI",male,0
1st,"Crosby,MrsEdwardGifford(CatherineElizabethHalstead)",69,Southampton,"Milwaukee,WI",female,1
1st,"Crosby,MissHarrietR.",36,Southampton,"Milwaukee,WI",female,1
1st,"Cumings,MrJohnBradley",39,Cherbourg,"NewYork,NY",male,0
1st,"Cumings,MrsJohnBradley(FlorenceBriggsThayer)",38,Cherbourg,"NewYork,NY",female,1
1st,"Daly,MrPeterDenis",30,Southampton,"Lima,Peru",male,1
1st,"Daniel,MrRobertWilliams",27,Southampton,"Philadelphia,PA",male,1
1st,"Davidson,MrThornton",31,Southampton,"Montreal,PQ",male,0
1st,"Davidson,MrsThornton(OrianHays)",27,Southampton,"Montreal,PQ",female,1
1st,"deVilliers,MadameBerthe",30,Cherbourg,"BelgiumMontreal,PQ",female,1
1st,"Dick,MrAlbertAdrian",31,Cherbourg,"Calgary,AB",male,1
1st,"Dick,MrsAlbertAdrianVeraGillespie",17,Cherbourg,"Calgary,AB",female,1
1st,"Dodge,Dr.Washington",30,Southampton,"SanFrancisco,CA",male,1
1st,"Dodge,MrsWashington(RuthVidaver)",30,Southampton,"SanFrancisco,CA",female,1
1st,"Dodge,MasterWashington",4,Southampton,"SanFrancisco,CA",male,1
1st,"Douglas,MrsFrederickCharles(SuzetteBaxter)",27,Cherbourg,"Montreal,PQ",female,1
1st,"Douglas,MrWalterDonald",50,Cherbourg,"Deephaven,MN/CedarRapids,IA",male,0
1st,"Douglas,MrsWalterDonald(MahalaDutton)",48,Cherbourg,"Deephaven,MN/CedarRapids,IA",female,1
1st,"DuffGordon,SirCosmoEdmund",49,Cherbourg,London/Paris,male,1
1st,"DuffGordon,Lady(LucilleWallaceSutherland)",48,Cherbourg,London/Paris,female,1
1st,"Dulles,MrWilliamCrothers",39,Cherbourg,"Philadelphia,PA",male,0
1st,"Earnshaw,MrsBoulton(OlivePotter)",23,Cherbourg,"MtAiry,Philadelphia,PA",female,1
1st,"Eustis,MissElizabethMussey",53,Cherbourg,"Brookline,MA",female,1
1st,"Evans,MissEdithCorse",36,Cherbourg,"NewYork,NY",female,0
1st,"Flegenheim,MrsAlfred(Antoinette)",30,Cherbourg,"NewYork,NY",female,1
1st,"Flynn,MrJohnIrving",30,Southampton,"Brooklyn,NY",male,1
1st,"Foreman,MrBenjaminLaventall",30,Cherbourg,"NewYork,NY",male,0
1st,"Fortune,MissAliceElizabeth",24,Southampton,"Winnipeg,MB",female,1
1st,"Fortune,MrCharlesAlexander",19,Southampton,"Winnipeg,MB",male,0
1st,"Fortune,MissEthelFlora",28,Southampton,"Winnipeg,MB",female,1
1st,"Fortune,MissMabel",23,Southampton,"Winnipeg,MB",female,1
1st,"Fortune,MrMark",64,Southampton,"Winnipeg,MB",male,0
1st,"Fortune,MrsMark(MaryMcDougald)",60,Southampton,"Winnipeg,MB",female,1
1st,"Franklin,MrThomasParham",30,Southampton,"Westcliff-on-Sea,Essex",male,0
1st,"Frauenthal,DrHenryWilliam",49,Cherbourg,"NewYork,NY",male,1
1st,"Frauenthal,MrsHenryWilliam(ClaraHeinsheimer)",30,Cherbourg,"NewYork,NY",female,1
1st,"Frauenthal,MrIsaacGerald",44,Southampton,"NewYork,NY",male,1
1st,"Frolicher,MissMarguerite",22,Cherbourg,"Zurich,Switzerland",female,1
1st,"Frolicher-Stehli,MrMaxmillian",60,Cherbourg,"Zurich,Switzerland",male,1
1st,"Frolicher-Stehli,MrsMaxmillian(MargarethaEmerentiaStehli)",48,Cherbourg,"Zurich,Switzerland",female,1
1st,"Futrelle,MrJacques",37,Southampton,"Scituate,MA",male,0
1st,"Futrelle,MrsJacques(MayPeel)",35,Southampton,"Scituate,MA",female,1
1st,"Gee,MrArthurH.",47,Southampton,"StAnne's-on-Sea,Lancashire",male,0
1st,"Gibson,MissDorothy",22,Cherbourg,"NewYork,NY",female,1
1st,"Gibson,MrsLeonard(PaulineC.Boeson)",45,Cherbourg,"NewYork,NY",female,1
1st,"Goldenberg,MrSamuelL.",49,Cherbourg,"Paris,France/NewYork,NY",male,1
1st,"Goldenberg,MrsSamuelL.(EdwigaGrabowsko)",30,Cherbourg,"Paris,France/NewYork,NY",female,1
1st,"Goldschmidt,MrGeorgeB.",71,Cherbourg,"NewYork,NY",male,0
1st,"Gracie,ColonelArchibaldIV",54,Southampton,"Washington,DC",male,1
1st,"Graham,MrGeorgeEdward",38,Southampton,"Winnipeg,MB",male,0
1st,"Graham,MissMargaretEdith",19,Southampton,"Greenwich,CT",female,1
1st,"Graham,MrsWilliamThompson(EdithJunkins)",58,Southampton,"Greenwich,CT",female,1
1st,"Greenfield,MrsLeoDavid(BlancheStrouse)",45,Cherbourg,"NewYork,NY",female,1
1st,"Greenfield,MrWilliamBertram",23,Cherbourg,"NewYork,NY",male,1
1st,"Guggenheim,MrBenjamin",46,Cherbourg,"NewYork,NY",male,0
1st,"Harder,MrGeorgeAchilles",25,Cherbourg,"Brooklyn,NY",male,1
1st,"Harder,MrsGeorgeAchilles(DorothyAnnan)",21,Cherbourg,"Brooklyn,NY",female,1
1st,"Harper,MrHenrySleeper",48,Cherbourg,"NewYork,NY",male,1
1st,"Harper,MrsHenrySleeper(MynaHaxtun)",49,Cherbourg,"NewYork,NY",female,1
1st,"Harris,MrHenryBirkhardt",45,Southampton,"NewYork,NY",male,0
1st,"Harris,MrsHenryBirkhardt(IreneWallach)",36,Southampton,"NewYork,NY",female,1
1st,"Hawksford,MrWalterJames",30,Southampton,"Kingston,Surrey",male,1
1st,"Hays,MrCharlesMelville",55,Southampton,"Montreal,PQ",male,0
1st,"Hays,MrsCharlesMelville(ClaraJenningsGregg)",52,Southampton,"Montreal,PQ",female,1
1st,"Hays,MissMargaretBechstein",24,Southampton,"NewYork,NY",female,1
1st,"Head,MrChristopher",30,Southampton,London/Middlesex,male,0
1st,"Hilliard,MrHerbertHenry",30,Southampton,"Brighton,MA",male,0
1st,"Hipkins,MrWilliamEdward",30,Southampton,London/Birmingham,male,0
1st,"Hippach,MissJeanGertrude",16,Cherbourg,"Chicago,IL",female,1
1st,"Hippach,MrsLouisAlbert(IdaSophiaFischer)",44,Cherbourg,"Chicago,IL",female,1
1st,"Hogeboom,MrsJohnC.(AnnaAndrews)",51,Southampton,"Hudson,NY",female,1
1st,"Holverson,MrAlexanderOskar",42,Southampton,"NewYork,NY",male,0
1st,"Holverson,MrsAlexanderOskar(MaryAlineTowner)",35,Southampton,"NewYork,NY",female,1
1st,"Homer,MrHarry",35,Cherbourg,"Indianapolis,IN",male,1
1st,"Hoyt,MrFrederickMaxfield",38,Southampton,"NewYork,NY/StamfordCT",male,1
1st,"Hoyt,MrsFrederickMaxfield(JaneAnneForby)",35,Southampton,"NewYork,NY/StamfordCT",female,1
1st,"Hoyt,MrWilliamF.",30,Cherbourg,"NewYork,NY",male,0
1st,"Isham,MissAnneElizabeth",50,Cherbourg,"Paris,FranceNewYork,NY",female,0
1st,"Ismay,MrJosephBruce",49,Southampton,Liverpool,male,1
1st,"Jones,MrCharlesCresson",46,Southampton,"Bennington,VT",male,0
1st,"Julian,MrHenryForbes",30,Southampton,London,male,0
1st,"Kent,MrEdwardAustin",58,Cherbourg,"Buffalo,NY",male,0
1st,"Kenyon,MrFrederickR.",41,Southampton,"Southington/Noank,CT",male,0
1st,"Kenyon,MrsFrederickR.(Marion)",30,Southampton,"Southington/Noank,CT",female,1
1st,"Kimball,MrEdwinNelsonJr.",42,Southampton,"Boston,MA",male,1
1st,"Kimball,MrsEdwinNelsonJr.(GertrudeParsons)",40,Southampton,"Boston,MA",female,1
1st,"Klaber,MrHerman",30,Southampton,"Portland,OR",male,0
1st,"Leader,DrAliceFarnham",30,Southampton,"NewYork,NY",female,1
1st,"Lewy,MrErvinG.",30,Cherbourg,"Chicago,IL",male,0
1st,"Lindeberg-Lind,MrErikGustaf",42,Southampton,"Stockholm,Sweden",male,0
1st,"Lindstrom,MrsCarlJohan(SigridPosse)",55,Cherbourg,"Stockholm,Sweden",female,1
1st,"Lines,MrsErnestH.(ElizabethLindseyJames)",50,Cherbourg,"Paris,France",female,1
1st,"Lines,MissMaryConover",16,Cherbourg,"Paris,France",female,1
1st,"Lingrey,MrEdward",30,Southampton,,male,0
1st,"Long,MrMiltonClyde",29,Southampton,"Springfield,MA",male,0
1st,"Longley,MissGretchenFiske",21,Southampton,"Hudson,NY",female,1
1st,"Loring,MrJosephHolland",30,Southampton,"London/NewYork,NY",male,0
1st,"Madill,MissGeorgetteAlexandra",15,Southampton,"StLouis,MO",female,1
1st,"Maguire,MrJohnEdward",30,Southampton,"Brockton,MA",male,0
1st,"Marechal,MrPierre",30,Cherbourg,"Paris,France",male,1
1st,"Marvin,MrDanielWarner",30,Southampton,"NewYork,NY",male,0
1st,"Marvin,MrsDanielWarner(MaryGrahamCarmichaelFarquarson)",30,Southampton,"NewYork,NY",female,1
1st,"McCaffry,MrThomasFrancis",46,Cherbourg,"Vancouver,BC",male,0
1st,"McCarthy,MrTimothyJ.",54,Southampton,"Dorchester,MA",male,0
1st,"McGough,MrJamesR.",36,Southampton,"Philadelphia,PA",male,1
1st,"Meyer,MrEdgarJoseph",28,Cherbourg,"NewYork,NY",male,0
1st,"Meyer,MrsEdgarJoseph(LeilaSaks)",30,Cherbourg,"NewYork,NY",female,1
1st,"Millet,MrFrancisDavis",65,Southampton,"EastBridgewater,MA",male,0
1st,"Minahan,MissDaisyE.",33,Queenstown,"GreenBay,WI",female,1
1st,"Minahan,DrWilliamEdward",44,Queenstown,"FondduLac,WI",male,0
1st,"Minahan,MrsWilliamEdward(LillianE.Thorpe)",37,Queenstown,"FondduLac,WI",female,1
1st,"Mock,MrPhilipE.",30,Cherbourg,"NewYork,NY",male,1
1st,"Molson,MrHarryMarkland",55,Southampton,"Montreal,PQ",male,0
1st,"Moore,MrClarenceBloomfield",47,Southampton,"Washington,DC",male,0
1st,"Natsch,MrCharlesH.",36,Cherbourg,"Brooklyn,NY",male,0
1st,"Newell,MrArthurWebster",58,Cherbourg,"Lexington,MA",male,0
1st,"Newell,MissMadeleine",31,Cherbourg,"Lexington,MA",female,1
1st,"Newell,MissMarjorie",23,Cherbourg,"Lexington,MA",female,1
1st,"Newsom,MissHelenMonypeny",19,Southampton,"NewYork,NY",female,1
1st,"Nicholson,MrArthurErnest",64,Southampton,"IsleofWight,England",male,0
1st,"Omont,MrA.Fernand",30,Cherbourg,"Paris,France",male,1
1st,"Ostby,MrEngelhartCornelius",64,Cherbourg,"Providence,RI",male,0
1st,"Ostby,MissHelenRaghnild",22,Cherbourg,"Providence,RI",female,1
1st,"OviesyRodriguez,MrServando",28,Southampton,"?Havana,Cuba",male,0
1st,"Parr,MrWilliamHenryMarsh",30,Southampton,Belfast,male,0
1st,"Partner,MrAustin",30,Southampton,"SurbitonHill,Surrey",male,0
1st,"Payne,MrVivianPonsonby",22,Southampton,"Montreal,PQ",male,0
1st,"Pears,MrThomas",30,Southampton,"Isleworth,England",male,0
1st,"Pears,MrsThomas(Edith)",30,Southampton,"Isleworth,England",female,1
1st,"Penasco,MrVictordeSatode",18,Cherbourg,"Madrid,Spain",male,0
1st,"Penasco,MrsVictordeSatode(JosefadeSoto)",17,Cherbourg,"Madrid,Spain",female,1
1st,"Peuchen,MajorArthurGodfrey",52,Southampton,"Toronto,ON",male,1
1st,"Porter,MrWalterChamberlain",46,Southampton,"Worcester,MA",male,0
1st,"Potter,MrsThomas,Jr.(LilyAlexeniaWilson)",56,Cherbourg,"MtAiry,Philadelphia,PA",female,1
1st,"Reuchlin,JonkheerJohnGeorge",30,Southampton,"Rotterdam,Netherlands",male,0
1st,"Rheims,MrGeorgeLucien",30,Cherbourg,"Paris/NewYork,NY",male,1
1st,"Robert,MrsEdwardScott(ElisabethWaltonMcMillan)",43,Southampton,"StLouis,MO",female,1
1st,"Roebling,MrWashingtonAugustus2nd",31,Southampton,"Trenton,NJ",male,0
1st,"Romaine,MrCharlesHallace",30,Southampton,"NewYork,NY",male,1
1st,"Rood,MrHughR.",30,Southampton,"Seattle,WA",male,0
1st,"Rosenbaum(Russell),MissEdithLouise",33,Cherbourg,"Paris,France",female,1
1st,"Ross,MrJohnHugo",30,Cherbourg,"Winnipeg,MB",male,0
1st,"Rothes,theCountessof(NoelLucyMarthaDyer-Edwardes)",27,Southampton,"LondonVancouver,BC",female,1
1st,"Rothschild,MrMartin",55,Cherbourg,"NewYork,NY",male,0
1st,"Rothschild,MrsMartin(ElizabethL.Barrett)",54,Cherbourg,"NewYork,NY",female,1
1st,"Rowe,MrAlfredG.",30,Southampton,London,male,0
1st,"Ryerson,MrArthurLarned",61,Cherbourg,"Haverford,PA/Cooperstown,NY",male,0
1st,"Ryerson,MrsArthurLarned(EmilyMariaBorie)",48,Cherbourg,"Haverford,PA/Cooperstown,NY",female,1
1st,"Ryerson,MissEmilyBorie",18,Cherbourg,"Haverford,PA/Cooperstown,NY",female,1
1st,"Ryerson,MasterJohnBorie",13,Cherbourg,"Haverford,PA/Cooperstown,NY",male,1
1st,"Ryerson,MissSusan(Suzette)Parker",21,Cherbourg,"Haverford,PA/Cooperstown,NY",female,1
1st,"Saalfeld,MrAdolphe",30,Southampton,"Manchester,England",male,1
1st,"Salomon,MrAbrahamL.",30,Southampton,"NewYork,NY",male,1
1st,"Schabert,MrsPaul(EmmaMock)",30,Cherbourg,"NewYork,NY",female,1
1st,"Seward,MrFredericKimber",34,Southampton,"NewYork,NY",male,1
1st,"Shutes,MissElizabethW.",40,Southampton,"NewYork,NY/GreenwichCT",female,1
1st,"Silverthorne,MrSpencerVictor",36,Southampton,"StLouis,MO",male,1
1st,"Silvey,MrWilliamBaird",50,Southampton,"Duluth,MN",male,0
1st,"Silvey,MrsWilliamBaird(AliceMunger)",39,Southampton,"Duluth,MN",female,1
1st,"Simonius-Blumer,ColAlfons",56,Southampton,"Basel,Switzerland",male,1
1st,"Sloper,MrWilliamThompson",28,Southampton,"NewBritain,CT",male,1
1st,"Smart,MrJohnMontgomery",56,Southampton,"NewYork,NY",male,0
1st,"Smith,MrJamesClinch",56,Cherbourg,"StJames,LongIsland,NY",male,0
1st,"Smith,MrLucienPhilip",24,Southampton,"Huntington,WV",male,0
1st,"Smith,MrsLucienPhilip(MaryEloiseHughes",18,Southampton,"Huntington,WV",female,1
1st,"Smith,MrRichardWilliam",30,Southampton,"Streatham,Surrey",male,0
1st,"Snyder,MrJohnPillsbury",24,Southampton,"Minneapolis,MN",male,1
1st,"Snyder,MrsJohnPillsbury(NelleStevenson)",23,Southampton,"Minneapolis,MN",female,1
1st,"Spedden,MrFrederickOakley",45,Cherbourg,"TuxedoPark,NY",male,1
1st,"Spedden,MrsFrederickOakley(MargarettaCorningStone)",40,Cherbourg,"TuxedoPark,NY",female,1
1st,"Spedden,MasterRobertDouglas",6,Cherbourg,"TuxedoPark,NY",male,1
1st,"Spencer,MrWilliamAugustus",57,Cherbourg,"Paris,France",male,0
1st,"Spencer,MrsWilliamAugustus(MarieEugenie)",30,Cherbourg,"Paris,France",female,1
1st,"Staehlin,DrMax",32,Cherbourg,"Basel,Switzerland",male,1
1st,"Stead,MrWilliamThomas",62,Southampton,"WimbledonPark,London/HaylingIsland,Hants",male,0
1st,"Stengel,MrCharlesEmilHenry",54,Cherbourg,"Newark,NJ",male,1
1st,"Stengel,MrsCharlesEmilHenry(AnnieMayMorris)",43,Cherbourg,"Newark,NJ",female,1
1st,"Stephenson,MrsWalterBertram(MarthaEustis)",52,Southampton,"Haverford,PA",female,1
1st,"Stewart,MrAlbertA.",30,Cherbourg,"Gallipolis,Ohio/?Paris/NewYork",male,0
1st,"Stone,MrsGeorgeNelson(MarthaE.)",62,Southampton,"Cincinatti,OH",female,1
1st,"Straus,MrIsidor",67,Southampton,"NewYork,NY",male,0
1st,"Straus,MrsIsidor(IdaBlun)",63,Southampton,"NewYork,NY",female,0
1st,"Sutton,MrFrederick",61,Southampton,"Haddenfield,NJ",male,0
1st,"Swift,MrsFrederickJoel(MargaretWellesBarron)",46,Southampton,"Brooklyn,NY",female,1
1st,"Taussig,MrEmil",52,Southampton,"NewYork,NY",male,0
1st,"Taussig,MrsEmil(TillieMandelbaum)",39,Southampton,"NewYork,NY",female,1
1st,"Taussig,MissRuth",18,Southampton,"NewYork,NY",female,1
1st,"Taylor,MrElmerZebley",48,Southampton,"London/EastOrange,NJ",male,1
1st,"Taylor,MrsElmerZebley(JulietCumminsWright)",30,Southampton,"London/EastOrange,NJ",female,1
1st,"Thayer,MrJohnBorland",49,Cherbourg,"Haverford,PA",male,0
1st,"Thayer,MrsJohnBorland(MarianLongstrethMorris)",39,Cherbourg,"Haverford,PA",female,1
1st,"Thayer,MrJohnBorland,jr.",17,Cherbourg,"Haverford,PA",male,1
1st,"Thorne,MrGeorge(aliasof:MrGeorgeRosenshine)",46,Cherbourg,"NewYork,NY",male,0
1st,"Thorne,MrsGertrudeMaybelle",30,Cherbourg,"NewYork,NY",female,1
1st,"Tucker,MrGilbertMilligan,jr",31,Cherbourg,"Albany,NY",male,1
1st,"Uruchurtu,MrManuelE.",30,Cherbourg,"MexicoCity,Mexico",male,0
1st,"VanDerhoef,MrWyckoff",61,Southampton,"Brooklyn,NY",male,0
1st,"Walker,MrWilliamAnderson",47,Southampton,"EastOrange,NJ",male,0
1st,"Warren,MrFrankManley",64,Cherbourg,"Portland,OR",male,0
1st,"Warren,MrsFrankManley(AnnaS.Atkinson)",60,Cherbourg,"Portland,OR",female,1
1st,"Weir,ColJohn",60,Southampton,"EnglandSaltLakeCity,Utah",male,0
1st,"White,MrsJ.Stuart(EllaHolmes)",55,Cherbourg,"NewYork,NY/BriarcliffManorNY",female,1
1st,"White,MrPercivalWayland",54,Southampton,"Brunswick,ME",male,0
1st,"White,MrRichardFrasar",21,Southampton,"Brunswick,ME",male,0
1st,"Wick,MrGeorgeDennick",57,Southampton,"Youngstown,OH",male,0
1st,"Wick,MrsGeorgeDennick(MarthaHitchcock)",45,Southampton,"Youngstown,OH",female,1
1st,"Wick,MissMaryNatalie",31,Southampton,"Youngstown,OH",female,1
1st,"Widener,MrGeorgeDunton",50,Cherbourg,"ElkinsPark,PA",male,0
1st,"Widener,MrsGeorgeDunton(EleanorElkins)",50,Cherbourg,"ElkinsPark,PA",female,1
1st,"Widener,MrHarryElkins",27,Cherbourg,"ElkinsPark,PA",male,0
1st,"Willard,MissConstance",20,Southampton,"Duluth,MN",female,1
1st,"Williams,MrCharlesDuane",51,Cherbourg,"Geneva,Switzerland/Radnor,PA",male,0
1st,"Williams,MrFletcherLambert",30,Southampton,"London,England",male,0
1st,"Williams,MrRichardNorrisII",21,Cherbourg,"Geneva,Switzerland/Radnor,PA",male,1
1st,"Woolner,MrHugh",30,Southampton,"London,England",male,1
1st,"Wright,MrGeorge",30,Southampton,"Halifax,NS",male,0
1st,"Young,MissMarieGrice",36,Cherbourg,"NewYork,NY/Washington,DC",female,1
1st,"Barber,Ms",30,Southampton,,female,1
1st,"Bazzani,MsAlbina",30,Cherbourg,,female,1
1st,"Bidois,MissRosalie",30,Cherbourg,,female,1
1st,"Bird,MsEllen",30,Southampton,,female,1
1st,"Bissetti,MsAmelia",30,Cherbourg,,female,1
1st,"Burns,MsElizabethMargaret",30,Cherbourg,,female,1
1st,"Chaudanson,Ms",30,Southampton,Cherbourg,female,1
1st,"Cleaver,MsAlice",30,Southampton,,female,1
1st,"Daniels,MsSarah",30,Southampton,,female,1
1st,"Endres,MissCarolineLouise",30,Cherbourg,"NewYork,NY",female,1
1st,"Farthing,MrJohn",30,Southampton,,male,0
1st,"Fleming,MsMargaret",30,Cherbourg,,female,0
1st,"Francatelli,MsLauraMabel",30,Cherbourg,,female,1
1st,"Fry,MrRichard",30,Southampton,,male,0
1st,"Geiger,MissEmily",30,Cherbourg,,female,1
1st,"Giglio,MrVictor",30,Cherbourg,,male,0
1st,"Harrington,MrCharles",30,Southampton,,male,0
1st,"Harrison,MrWilliam",40,Southampton,,male,0
1st,"Hassah,MrHamad",30,Cherbourg,,male,0
1st,"Icabad(Icabod),Ms",30,Southampton,,female,1
1st,"Keeping,MrEdwin",32,Cherbourg,,male,0
1st,"Kenchen,MsAmelia",30,Southampton,,female,1
1st,"LeRoy,MissBerthe",30,Cherbourg,,female,1
1st,"Lesneur,MrGustave",30,Cherbourg,,male,0
1st,"Maloney,Ms",30,Southampton,,female,1
1st,"Oliva,Mlle",30,Cherbourg,,female,0
1st,"Pericault,Ms",30,Southampton,,female,1
1st,"Ringhini,MrSante",33,Cherbourg,,male,0
1st,"Robbins,MrVictor",30,Cherbourg,,male,0
1st,"Segesser,Mlle.Emma",30,Cherbourg,,female,1
1st,"Seredeca,Ms",30,Southampton,,female,0
1st,"Ward,MsAnna",30,Cherbourg,,female,0
1st,"Wilson,MsHelen",30,Cherbourg,,female,1
2nd,"Abelson,MrSamuel",30,Cherbourg,"RussiaNewYork,NY",male,0
2nd,"Abelson,MrsSamuel(Anna)",28,Cherbourg,"RussiaNewYork,NY",female,1
2nd,"Andrew,MrEdgarSamuel",18,Southampton,"BuenosAires,Argentina/NewJersey,NJ",male,0
2nd,"Andrew,MrFrank",30,Southampton,"Cornwall,EnglandHoughton,MI",male,0
2nd,"Angle,MrWilliamA.",34,Southampton,"Warwick,England",male,0
2nd,"Angle,MrsWilliamA.(Florence)",32,Southampton,"Warwick,England",female,1
2nd,"Ashby,MrJohn",57,Southampton,"WestHoboken,NJ",male,0
2nd,"Bailey,MrPercyAndrew",18,Southampton,"Penzance,Cornwall/Akron,OH",male,0
2nd,"Baimbrigge,MrCharlesR.",23,Southampton,Guernsey,male,0
2nd,"Balls,MrsAdaE.Hall",36,Southampton,"Bristol,Avon/Jacksonville,FL",female,1
2nd,"Banfield,MrFrederickJ.",28,Southampton,"Plymouth,Dorset/Houghton,MI",male,0
2nd,"Bateman,RevRobertJames",51,Southampton,"Jacksonville,FL",male,0
2nd,"Beane,MrEdward",32,Southampton,"Norwich/NewYork,NY",male,1
2nd,"Beane,MrsEdward(EthelClarke)",19,Southampton,"Norwich/NewYork,NY",female,1
2nd,"Beauchamp,MrHenryJames",28,Southampton,England,male,0
2nd,"Becker,MrsAllenOliver(NellieE.Baumgardner)",36,Southampton,"Guntur,India/BentonHarbour,MI",female,1
2nd,"Becker,MissMarionLouise",4,Southampton,"Guntur,India/BentonHarbour,MI",female,1
2nd,"Becker,MasterRichardF.",1,Southampton,"Guntur,India/BentonHarbour,MI",male,1
2nd,"Becker,MissRuthElizabeth",12,Southampton,"Guntur,India/BentonHarbour,MI",female,1
2nd,"Beesley,MrLawrence",34,Southampton,London,male,1
2nd,"Bentham,MissLilianW.",19,Southampton,"Rochester,NY",female,1
2nd,"Berriman,MrWilliamS.",23,Southampton,"StIves,Cornwall/Calumet,MI",male,0
2nd,"Botsford,MrWilliamHull",26,Southampton,"Elmira,NY/Orange,NJ",male,0
2nd,"Bowenur,MrSolomon",30,Southampton,London,male,0
2nd,"Bracken,MrJamesH.",27,Southampton,"LakeArthur,ChavezCounty,NM",male,0
2nd,"Brown,MissEdithE.",15,Southampton,"CapeTown,SouthAfrica/Seattle,WA",female,1
2nd,"Brown,MrThomasWilliamSolomon",45,Southampton,"CapeTown,SouthAfrica/Seattle,WA",male,0
2nd,"Brown,MrsThomasWilliamSolomon(ElizabethC.)",40,Southampton,"CapeTown,SouthAfrica/Seattle,WA",female,1
2nd,"Bryhl,MissDagmar",20,Southampton,"Skara,Sweden/Rockford,IL",female,1
2nd,"Bryhl,MrKurtArnoldGottfrid",25,Southampton,"Skara,Sweden/Rockford,IL",male,0
2nd,"Buss,MissKate",36,Southampton,"Sittingbourne,England/SanDiego,CA",female,1
2nd,"Butler,MrReginaldFenton",25,Southampton,"Southsea,Hants",male,0
2nd,"Byles,Rev.ThomasRousselD.",30,Southampton,London,male,0
2nd,"Bystrom,MrsCarolina",42,Southampton,"NewYork,NY",female,1
2nd,"Caldwell,MrAlbertFrancis",26,Southampton,"Bangkok,Thailand/Roseville,IL",male,1
2nd,"Caldwell,MrsAlbertFrancis(SylviaMaeHarbaugh)",26,Southampton,"Bangkok,Thailand/Roseville,IL",female,1
2nd,"Caldwell,MasterAldenGates",0.8333,Southampton,"Bangkok,Thailand/Roseville,IL",male,1
2nd,"Cameron,MissClear",31,Southampton,"Mamaroneck,NY",female,1
2nd,"Campbell,MrWilliam",30,Southampton,Belfast,male,0
2nd,"Carbines,MrWilliam",19,Southampton,"StIves,Cornwall/Calumet,MI",male,0
2nd,"Carter,RevErnestCourtenay",54,Southampton,London,male,0
2nd,"Carter,MrsErnestCourtenay(LillianHughes)",44,Southampton,London,female,0
2nd,"Chapman,MrCharlesHenry",52,Southampton,"Bronx,NY",male,0
2nd,"Chapman,MrJohnHenry",30,Southampton,"Cornwall/Spokane,WA",male,0
2nd,"Chapman,MrsJohnHenry(ElizabethLawry)",30,Southampton,"Cornwall/Spokane,WA",female,0
2nd,"Christy,MrsAliceFrances",30,Southampton,London,female,1
2nd,"Christy,MissJulie",30,Southampton,London,female,1
2nd,"Clarke,MrCharlesV.",29,Southampton,"England/SanFrancisco,CA",male,0
2nd,"Clarke,MrsCharlesV.(AdaMaria)",30,Southampton,"England/SanFrancisco,CA",female,1
2nd,"Coleridge,MrReginaldCharles",29,Southampton,"Hartford,Huntingdonshire",male,0
2nd,"Collander,MrErik",27,Southampton,"Helsinki,FinlandAshtabula,Ohio",male,0
2nd,"Collett,MrSidneyC.Stuart",24,Southampton,"London/FortByron,NY",male,1
2nd,"Collyer,MrHarvey",35,Southampton,"Bishopstoke,Hants/FayetteValley,ID",male,0
2nd,"Collyer,MrsHarvey(CharlotteTate)",31,Southampton,"Bishopstoke,Hants/FayetteValley,ID",female,1
2nd,"Collyer,MissMarjorie",8,Southampton,"Bishopstoke,Hants/FayetteValley,ID",female,1
2nd,"Cook,MrsSelenaRogers",22,Southampton,Pennsylvania,female,0
2nd,"Corbett,MrsWalterH.(IreneColvin)",30,Southampton,"Provo,UT",female,0
2nd,"Corey,MrsPercyC.(MaryPhyllisElizabethMiller)",30,Southampton,"UpperBurma,IndiaPittsburgh,PA",female,0
2nd,"Cotterill,MrHarry",20,Southampton,"Penzance,Cornwall/Akron,OH",male,0
2nd,"Cunningham,MrAlfredFleming",30,Southampton,Belfast,male,0
2nd,"Davies,MrCharlesHenry",21,Southampton,"Lyndhurst,England",male,0
2nd,"Davis,MrsAgnes",49,Southampton,"StIves,Cornwall/Hancock,MI",female,1
2nd,"Davis,MasterJohnMorgan",8,Southampton,"StIves,Cornwall/Hancock,MI",male,1
2nd,"Davis,MissMary",28,Southampton,"London/StatenIsland,NY",female,1
2nd,"Deacon,MrPercy",18,Southampton,,male,0
2nd,"deBrito,MrJoseJoaquim",30,Southampton,"Portugal/SauPaulo,Brazil",male,0
2nd,"delCarlo,MrSebastiano",28,Cherbourg,"Lucca,Italy/California",male,0
2nd,"delCarlo,MrsSebastiano(ArgeniaGenovese)",22,Cherbourg,"Lucca,Italy/California",female,1
2nd,"Denbury,MrHerbert",25,Southampton,"Guernsey/Elizabeth,NJ",male,0
2nd,"Dibden,MrWilliam",18,Southampton,"NewForest,England",male,0
2nd,"Doling,MrsAda",32,Southampton,Southampton,female,1
2nd,"Doling,MissElsie",18,Southampton,Southampton,female,1
2nd,"Downton(?Douton),MrWilliamJames",30,Southampton,"Holley,NY",male,0
2nd,"Drew,MrJamesVivian",42,Southampton,"Greenport,NY",male,0
2nd,"Drew,MrsJamesVivian(LuluThorneChristian)",34,Southampton,"Greenport,NY",female,1
2nd,"Drew,MasterMarshallBrines",8,Southampton,"Greenport,NY",male,1
2nd,"DuranyMore,MissAsuncion",30,Cherbourg,"Barcelona,Spain/Havana,Cuba",female,1
2nd,"DuranyMore,MissFlorentina",30,Cherbourg,"Barcelona,Spain/Havana,Cuba",female,1
2nd,"Eitemiller,MrGeorgeFloyd",23,Southampton,"England/Detroit,MI",male,0
2nd,"Enander,MrIngvar",21,Southampton,"Goteborg,Sweden/Rockford,IL",male,0
2nd,"Fahlstrom,MrArneJonas",19,Southampton,"Oslo,NorwayBayonne,NJ",male,0
2nd,"Faunthorpe,MrHarry",30,Southampton,"England/Philadelphia,PA",male,0
2nd,"Faunthorpe,MrsLizzie(seeWilkinson,E.)",30,Southampton,,female,1
2nd,"Fillbrook,MrCharles",30,Southampton,"Cornwall/Houghton,MI",male,0
2nd,"Fox,MrStanleyH.",38,Southampton,"Rochester,NY",male,0
2nd,"Frost,MrAnthony(Archie)W.",30,Southampton,Belfast,male,0
2nd,"Funk,MissAnnieC.",38,Southampton,"Janjgir,India/Pennsylvania",female,0
2nd,"Fynney,MrJosephJ.",35,Southampton,"Liverpool/Montreal,PQ",male,0
2nd,"Gale,MrHarry",35,Southampton,"Cornwall/ClearCreek,CO",male,0
2nd,"Gale,MrShadrach",38,Southampton,"Cornwall/ClearCreek,CO",male,0
2nd,"Garside,MissEthel",24,Southampton,"Brooklyn,NY",female,1
2nd,"Gaskell,MrAlfred",16,Southampton,"Liverpool/Montreal,PQ",male,0
2nd,"Gavey,MrLawrence",26,Southampton,"Guernsey/Elizabeth,NJ",male,0
2nd,"Gilbert,MrWilliam",45,Southampton,Cornwall,male,0
2nd,"Giles,MrEdgar",24,Southampton,"Cornwall/Camden,NJ",male,0
2nd,"Giles,MrFrederick",21,Southampton,"Cornwall/Camden,NJ",male,0
2nd,"Giles,MrRalph",22,Southampton,"WestKensington,London",male,0
2nd,"Gill,MrJohnW.",30,Southampton,"Clevedon,England",male,0
2nd,"Gillespie,MrWilliam",34,Southampton,"Vancouver,BC",male,0
2nd,"Givard,MrHansChristensen",30,Southampton,,male,0
2nd,"Greenberg,MrSamuel",50,Southampton,"Bronx,NY",male,0
2nd,"Hale,MrReginald",30,Southampton,"Auburn,NY",male,0
2nd,"Hamalainen,MrsWilliam(Anna)",23,Southampton,"Detroit,MI",female,1
2nd,"Hamalainen,MasterViljo",1,Southampton,"Detroit,MI",male,1
2nd,"Harbeck,MrWilliamH.",44,Southampton,"Seattle,WA/Toledo,OH",male,0
2nd,"Harper,RevJohn",28,Southampton,"DenmarkHill,Surrey/Chicago",male,0
2nd,"Harper,MissNina",6,Southampton,"DenmarkHill,Surrey/Chicago",female,1
2nd,"Harris,MrGeorge",30,Southampton,London,male,1
2nd,"Harris,MrWalter",30,Southampton,"Walthamstow,England",male,0
2nd,"Hart,MrBenjamin",43,Southampton,"Ilford,Essex/Winnipeg,MB",male,0
2nd,"Hart,MrsBenjamin(Esther)",45,Southampton,"Ilford,Essex/Winnipeg,MB",female,1
2nd,"Hart,MissEvaMiriam",7,Southampton,"Ilford,Essex/Winnipeg,MB",female,1
2nd,"Herman,MissAlice",24,Southampton,"Somerset/Bernardsville,NJ",female,1
2nd,"Herman,MissKate",24,Southampton,"Somerset/Bernardsville,NJ",female,1
2nd,"Herman,MrSamuel",49,Southampton,"Somerset/Bernardsville,NJ",male,0
2nd,"Herman,MrsSamuel(JaneLaver)",48,Southampton,"Somerset/Bernardsville,NJ",female,1
2nd,"Hewlett,MrsMaryD.",30,Southampton,"India/RapidCity,SD",female,1
2nd,"Hickman,MrLeonardMark",34,Southampton,"WestHampstead,London/Neepawa,MB",male,0
2nd,"Hickman,MrLewis",32,Southampton,"WestHampstead,London/Neepawa,MB",male,0
2nd,"Hickman,MrStanleyGeorge",21,Southampton,"WestHampstead,London/Neepawa,MB",male,0
2nd,"Hiltunen,MissMarta",18,Southampton,"Kontiolahti,Finland/Detroit,MI",female,0
2nd,"Hocking,MrsElizabeth",53,Southampton,"Cornwall/Akron,OH",female,1
2nd,"Hocking,MrGeorge",23,Southampton,"Cornwall/Akron,OH",male,0
2nd,"Hocking,MissEllen(Nellie)",21,Southampton,"Cornwall/Akron,OH",female,1
2nd,"Hocking,MrSamuelJames",30,Southampton,"Devonport,England",male,0
2nd,"Hodges,MrHenryPrice",52,Southampton,Southampton,male,0
2nd,"Hold,MrStephen",42,Southampton,"England/Sacramento,CA",male,0
2nd,"Hold,MrsStephen(AnnieMargaret)",36,Southampton,"England/Sacramento,CA",female,1
2nd,"Hood,MrAmbrose,Jr",21,Southampton,"NewForest,England",male,0
2nd,"Hosono,MrMasafumi",41,Southampton,"Tokyo,Japan",male,1
2nd,"Howard,MrBenjamin",30,Southampton,"Swindon,England",male,0
2nd,"Howard,MrsBenjamin(EllenTruelove)",30,Southampton,"Swindon,England",female,0
2nd,"Hunt,MrGeorgeHenry",33,Southampton,"Philadelphia,PA",male,0
2nd,"Ilett,MissBertha",17,Southampton,Guernsey,female,1
2nd,JacobsohnMrSidneySamuel,30,Southampton,London,male,0
2nd,"Jacobsohn,MrsSidneySamuel(AmyFrancesChristy)",30,Southampton,London,female,1
2nd,"Jarvis,MrJohnDenzil",30,Southampton,"NorthEvington,England",male,0
2nd,"Jefferys,MrClifford",30,Southampton,"Guernsey/Elizabeth,NJ",male,0
2nd,"Jefferys,MrErnest",30,Southampton,"Guernsey/Elizabeth,NJ",male,0
2nd,"Jenkin,MrStephenCurnow",30,Southampton,"StIves,Cornwall/Houghton,MI",male,0
2nd,"Jerwan,MrsAminS.(MarieThuillard)",23,Cherbourg,"NewYork,NY",female,1
2nd,"Kantor,MrSinai",34,Southampton,"Moscow/Bronx,NY",male,0
2nd,"Kantor,MrsSinai(MiriamSternim)",30,Southampton,"Moscow/Bronx,NY",female,1
2nd,"Karnes,MrsJ.Frank(ClaireBennett)",22,Southampton,"India/Pittsburgh,PA",female,0
2nd,"Keane,MrDaniel",30,Queenstown,,male,0
2nd,"Keane,MissNoraA.",30,Queenstown,"Harrisburg,PA",female,1
2nd,"Kelly,MrsFlorence(Fannie)",45,Southampton,"London/NewYork,NY",female,1
2nd,"Kirkland,RevCharlesLeonard",30,Queenstown,"Glasgow/Bangor,ME",male,0
2nd,"Knight,MrRobert",30,Southampton,Belfast,male,0
2nd,"Kvillner,MrJohanHenrikJohannesson",31,Southampton,"Sweden/Arlington,NJ",male,0
2nd,"Lahtinen,RevWilliam",30,Southampton,"Minneapolis,MN",male,0
2nd,"Lahtinen,MrsWilliam(AnnaSylvan)",26,Southampton,"Minneapolis,MN",female,0
2nd,"Lamb,MrJohnJames",30,Queenstown,,male,0
2nd,"Lemore,MrsAmelia",34,Southampton,"Chicago,IL",female,1
2nd,"LaRoche,MrJoseph",26,Cherbourg,Paris/Haiti,male,0
2nd,"LaRoche,MrsJoseph(Juliet)",22,Cherbourg,Paris/Haiti,female,1
2nd,"LaRoche,MissLouise",1,Cherbourg,Paris/Haiti,female,1
2nd,"LaRoche,MissSimonne",3,Cherbourg,Paris/Haiti,female,1
2nd,"Lehmann,MissBertha",30,Cherbourg,"Berne,Switzerland/CentralCity,IA",female,1
2nd,"Leitch,MissJessie",30,Southampton,"London/Chicago,IL",female,1
2nd,"Levy,MrReneJacques",30,Cherbourg,"Montreal,PQ",male,0
2nd,"Leyson,MrRobertWilliamNorman",25,Southampton,,male,0
2nd,"Lingan,MrJohn",30,Queenstown,,male,0
2nd,"Louch,MrCharlesAlexander",48,Southampton,"Weston-Super-Mare,Somerset",male,0
2nd,"Louch,MrsCharlesAlexander(AliceAdelaide)",30,Southampton,"Weston-Super-Mare,Somerset",female,1
2nd,"Mack,MrsMary",57,Southampton,"Southampton/NewYork,NY",female,0
2nd,"Malachard,MrNoel",30,Cherbourg,Paris,male,0
2nd,"Mallet,MrAlbert",30,Cherbourg,"Paris/Montreal,PQ",male,0
2nd,"Mallet,MrsAlbert(Antoinette)",30,Cherbourg,"Paris/Montreal,PQ",female,1
2nd,"Mallet,MasterAndre",2,Cherbourg,"Paris/Montreal,PQ",male,1
2nd,"Mangiavacchi,MrSerafinoEmilio",30,Cherbourg,"NewYork,NY",male,0
2nd,"Mantvila,RevJoseph",27,Southampton,"Worcester,MA",male,0
2nd,"Marshall,MrsKateLouisePhillips",19,Southampton,"Worcester,England",female,1
2nd,"Matthews,MrWilliamJohn",30,Southampton,"StAustall,Cornwall",male,0
2nd,"Maybery,MrFrankH.",20,Southampton,"Weston-Super-Mare/MooseJaw,SK",male,0
2nd,"McCrae,MrArthurGordon",45,Southampton,"Sydney,Australia",male,0
2nd,"McCrie,MrJamesMatthew",30,Southampton,"Sarnia,ON",male,0
2nd,"McKane,MrPeterD.",46,Southampton,"Rochester,NY",male,0
2nd,"Mellenger,MrsElizabethAnne",41,Southampton,"England/Bennington,VT",female,1
2nd,"Mellenger,MissMadeleineViolet",13,Southampton,"England/Bennington,VT",female,1
2nd,"Mellor,MrWilliamJohn",19,Southampton,"Chelsea,London",male,1
2nd,"Meyer,MrAugust",30,Southampton,"Harrow-on-the-Hill,Middlesex",male,0
2nd,"Milling,MrJacobChristian",48,Southampton,"Copenhagen,Denmark",male,0
2nd,"Mitchell,MrHenryMichael",71,Southampton,"Guernsey/Montclair,NJand/orToledo,Ohio",male,0
2nd,"Moraweck,DrErnest",54,Southampton,"Frankfort,KY",male,0
2nd,"Morley,MrWilliam",30,Southampton,"Petworth,Sussex",male,0
2nd,"Mudd,MrThomasC.",30,Southampton,"Halesworth,England",male,0
2nd,"Myles,MrThomasFrancis",64,Queenstown,"Cambridge,MA",male,0
2nd,"Nasser(Nasrallah),MrNicholas",32,Cherbourg,"NewYork,NY",male,0
2nd,"Nasser(Nasrallah),MrsNicholas",18,Cherbourg,"NewYork,NY",female,1
2nd,"Navratil,MasterEdmondRoger",2,Southampton,"Nice,France",male,1
2nd,"Navratil,MrMichel",32,Southampton,"Nice,France",male,0
2nd,"Navratil,MasterMichelM.",3,Southampton,"Nice,France",male,1
2nd,"Nesson,MrIsrael",26,Southampton,"Boston,MA",male,0
2nd,"Nicholls,MrJosephCharles",19,Southampton,"Cornwall/Hancock,MI",male,0
2nd,"Norman,MrRobertDouglas",30,Southampton,Glasgow,male,0
2nd,"Nourney,MrAlfred(akaBaronvonDrachstedt)",20,Cherbourg,"Cologne,Germany",male,1
2nd,"Nye,MrsElizabethRamell",29,Southampton,"Folkstone,Kent/NewYork,NY",female,1
2nd,"Otter,MrRichard",39,Southampton,"MiddleburgHeights,OH",male,0
2nd,"Oxenham,MrPercyThomas",22,Southampton,"Pondersend,England/NewDurham,NJ",male,1
2nd,"PadroyManent,MrJulian",30,Cherbourg,"Spain/Havana,Cuba",male,1
2nd,"Pain,DrAlfred",24,Southampton,"Hamilton,ON",male,0
2nd,"PallasyCastello,MrEmilio",30,Cherbourg,"Spain/Havana,Cuba",male,1
2nd,"Parker,MrCliffordR.",28,Southampton,"StAndrews,Guernsey",male,0
2nd,"Parkes,MrFrancis(Frank)",30,Southampton,Belfast,male,0
2nd,"Parrish,MrsLutieDavis",50,Southampton,"WoodfordCounty,KY",female,1
2nd,"Pengelly,MrFrederick",20,Southampton,"Gunnislake,England/Butte,MT",male,0
2nd,"Peruschitz,Rev.JosephM.",40,Southampton,,male,0
2nd,"Phillips,MissAlice",42,Southampton,"Ilfracombe,Devon",female,1
2nd,"Phillips,MrRobert",21,Southampton,"Ilfracombe,Devon",male,0
2nd,"Pinsky,MissRosa",32,Southampton,Russia,female,1
2nd,"Ponesell,MrMartin",34,Southampton,"Denmark/NewYork,NY",male,0
2nd,"Portaluppi,MrEmilio",30,Cherbourg,"Milford,NH",male,1
2nd,"Pulbaum,MrFrank",30,Cherbourg,Paris,male,0
2nd,"Quick,MrsFrederickC.(JaneRichards)",33,Southampton,"Plymouth,Devon/Detroit,MI",female,1
2nd,"Quick,MissPhyllisMay",2,Southampton,"Plymouth,Devon/Detroit,MI",female,1
2nd,"Quick,MissWinifredVera",8,Southampton,"Plymouth,Devon/Detroit,MI",female,1
2nd,"Reeves,MrDavid",36,Southampton,"Brighton,Sussex",male,0
2nd,"Renouf,MrPeterHenry",34,Southampton,"Elizabeth,NJ",male,0
2nd,"Renouf,MrsPeterHenry(LillianJefferys)",30,Southampton,"Elizabeth,NJ",female,1
2nd,"Reynaldo,MrsEncarnacion",28,Southampton,Spain,female,1
2nd,"Richard,MrEmil",23,Cherbourg,"Paris/Montreal,PQ",male,0
2nd,"Richards,MasterGeorgeSidney",0.8333,Southampton,"Cornwall/Akron,OH",male,1
2nd,"Richards,MrsSidney(EmilyHocking)",25,Southampton,"Cornwall/Akron,OH",female,1
2nd,"Richards,MasterWilliamRowe",3,Southampton,"Cornwall/Akron,OH",male,1
2nd,"Ridsdale,MissLucy",50,Southampton,"London,England/Marietta,OhioandMilwaukee,WI",female,1
2nd,"Rogers,MrHarry",30,Southampton,,male,0
2nd,"Rugg,MissEmily",21,Southampton,"Guernsey/Wilmington,DE",female,1
2nd,"Sedgwick,MrCharlesFrederickWaddington",30,Southampton,Liverpool,male,0
2nd,"Sharp,MrPercival",30,Southampton,"Hornsey,England",male,0
2nd,"Shelley,MrsWilliam(Imanita)",25,Southampton,"DeerLodge,MT",female,1
2nd,"Silven,MissLyyli",18,Southampton,"Finland/Minneapolis,MN",female,1
2nd,"Sincock,MissMaude",20,Southampton,"Cornwall/Hancock,MI",female,1
2nd,"Siukonnen,MissAnna",30,Southampton,"Finland/Washington,DC",female,1
2nd,"Sjostedt,MrErnstAdolf",59,Southampton,"SaultStMarie,ON",male,0
2nd,"Slayter,MissHildaMary",30,Queenstown,"Halifax,NS",female,1
2nd,"Slemen,MrRichardJames",35,Southampton,Cornwall,male,0
2nd,"Smith(Schmidt),MrAugustus",22,Southampton,"Newark,NJ",male,0
2nd,"Smith,MissMarion",30,Southampton,,female,1
2nd,"Sobey,MrHayden",25,Southampton,"Cornwall/Houghton,MI",male,0
2nd,"Stanton,MrSamuelWard",41,Cherbourg,"NewYork,NY",male,0
2nd,"Stokes,MrPhilipJoseph",25,Southampton,"Catford,Kent/Detroit,MI",male,0
2nd,"Sweet,MrGeorge",14,Southampton,"Somerset/Bernardsville,NJ",male,0
2nd,"Toomey,MissEllen",50,Southampton,"Indianapolis,IN",female,1
2nd,"Troupiansky,MrMosesAaron",22,Southampton,,male,0
2nd,"Trout,MrsWilliamH.(JessieL.)",30,Southampton,"Columbus,OH",female,1
2nd,"Troutt,MissEdwinaCelia",27,Southampton,"Bath,England/Massachusetts",female,1
2nd,"Turpin,MrWilliamJohn",29,Southampton,"Plymouth,England",male,0
2nd,"Turpin,MrsWilliamJohn(DorothyAnneWonnacott)",27,Southampton,"Plymouth,England",female,0
2nd,"Veale,MrJames",30,Southampton,"Barre,CoWashington,VT",male,0
2nd,"Waelens,MrAchille",22,Southampton,"Antwerp,Belgium/Stanton,OH",male,0
2nd,"Walcroft,MissNellie",35,Southampton,"Mamaroneck,NY",female,1
2nd,"Ware,MrJohnJames",30,Southampton,"Bristol,England/NewBritain,CT",male,0
2nd,"Ware,MrsJohnJames(FlorenceLouiseLong)",28,Southampton,"Bristol,England/NewBritain,CT",female,1
2nd,"Ware,MrWilliamJ.",23,Southampton,,male,0
2nd,"Watson,MrEnnisHastings",30,Southampton,Belfast,male,0
2nd,"Watt,MissBertha",12,Southampton,"Aberdeen/Portland,OR",female,1
2nd,"Watt,MrsJames(BessieInglisMilne)",40,Southampton,"Aberdeen/Portland,OR",female,1
2nd,"Webber,MissSusan",36,Southampton,"England/Hartford,CT",female,1
2nd,"Weisz,MrLeopold",28,Southampton,"Bromsgrove,England/Montreal,PQ",male,0
2nd,"Weisz,MrsLeopold(Mathilde)",32,Southampton,"Bromsgrove,England/Montreal,PQ",female,1
2nd,"Wells,MrsArthurH.(AddieTrevaskis)",29,Southampton,"Cornwall/Akron,OH",female,1
2nd,"Wells,MissJoan",4,Southampton,"Cornwall/Akron,OH",female,1
2nd,"Wells,MasterRalphLester",2,Southampton,"Cornwall/Akron,OH",male,1
2nd,"West,MissBarbaraJ.",30,Southampton,"Bournmouth,England",female,1
2nd,"West,MissConstanceMirium",30,Southampton,"Bournmouth,England",female,1
2nd,"West,MrEdwyArthur",36,Southampton,"Bournmouth,England",male,0
2nd,"West,MrsEdwyArthur(AdaMary)",33,Southampton,"Bournmouth,England",female,1
2nd,"Wheadon,MrEdward",30,Southampton,"Guernsey,England/Edgewood,RI",male,0
2nd,"Wheeler,MrEdwin",30,Southampton,,male,0
2nd,"Wheeler,MrFrederick",30,Southampton,,male,0
2nd,"Wilhelms,MrCharles",32,Southampton,"London,England",male,1
2nd,"Wilkinson,MrsElizabethAnne",30,Southampton,"Manchester,England",female,1
2nd,"Williams,MrCharlesEugene",30,Southampton,"Harrow,England",male,1
2nd,"Wright,MissMarion",26,Southampton,"Yoevil,England/CottageGrove,OR",female,1
2nd,"Yrois,MissHenriette",30,Southampton,Paris,female,0
2nd,"Aldworth,MrCharlesAugustus",30,Southampton,"BrynMawr,PA,USA",male,0
2nd,"Brown,MissMildred",24,Southampton,"London/Montreal,PQ",female,1
2nd,"Pernot,MrRene",30,Cherbourg,,male,0
2nd,"Swane,MrGeorge",18,Southampton,,male,0
3rd,"Abbing,MrAnthony",42,Southampton,,male,0
3rd,"Abbott,MasterEugeneJoseph",13,Southampton,"EastProvidence,RI",male,0
3rd,"Abbott,MrRossmoreEdward",16,Southampton,"EastProvidence,RI",male,0
3rd,"Abbott,MrsStanton(Rosa)",35,Southampton,"EastProvidence,RI",female,1
3rd,"Abelseth,MissAnnaKaren",16,Southampton,"NorwayLosAngeles,CA",female,1
3rd,"Abelseth,MrOlaus",25,Southampton,"PerkinsCounty,SD",male,1
3rd,"Abraham,MrsJoseph(SophieEasu)",18,Cherbourg,"Greensburg,PA",female,1
3rd,"Abrahamsson,MrAugust",20,Southampton,"Taalintehdas,FinlandHoboken,NJ",male,1
3rd,"Adahl,MrMauritzNilsMartin",30,Southampton,"Asarum,SwedenBrooklyn,NY",male,0
3rd,"Adams,MrJohn",26,Southampton,"Bournemouth,England",male,0
3rd,"Ahlin,MrsJohannaPersdotter",40,Southampton,"SwedenAkeley,MN",female,0
3rd,"Ahmed,MrAli",24,Southampton,,male,0
3rd,"Aijo-Nirva,MrIsak",41,Southampton,"FinlandSudbury,ON",male,0
3rd,"Aks,MrsSam(LeahRosen)",18,Southampton,"London,EnglandNorfolk,VA",female,1
3rd,"Aks,MasterPhilip",0.8333,Southampton,"London,EnglandNorfolk,VA",male,1
3rd,"Alexander,MrWilliam",23,Southampton,"EnglandAlbion,NY",male,0
3rd,"Alhomaki,MrIlmariRudolf",20,Southampton,"Salo,FinlandAstoria,OR",male,0
3rd,"Ali,MrWilliam",25,Southampton,Argentina,male,0
3rd,"Allen,MrWilliamHenry",35,Southampton,"LowerClapton,MiddlesexorErdington,Birmingham",male,0
3rd,"Allum,MrOwenGeorge",17,Southampton,"Windsor,EnglandNewYork,NY",male,0
3rd,"Andersen,MrAlbertKarvin",32,Southampton,"Bergen,Norway",male,0
3rd,"Andersen,MrThorOlsvigen",20,Southampton,"Oslo,NorwayCameron,WI",male,0
3rd,"Andersson,MrAndersJohan",39,Southampton,"SwedenWinnipeg,MN",male,0
3rd,"Andersson,MrsAndersJohan(AlfridaK.Brogren)",39,Southampton,"SwedenWinnipeg,MN",female,0
3rd,"Andersson,MissEbbaIris",6,Southampton,"SwedenWinnipeg,MN",female,0
3rd,"Andersson,MissEllisAnnaMaria",2,Southampton,"SwedenWinnipeg,MN",female,0
3rd,"Andersson,MissErna",17,Southampton,"Ruotsinphyhtaa,FinlandNewYork,NY",female,1
3rd,"Andersson,MissIdaAugustaMargareta",38,Southampton,"Vadsbro,SwedenMinistee,MI",female,0
3rd,"Andersson,MissIngeborgConstancia",9,Southampton,"SwedenWinnipeg,MN",female,0
3rd,"Andersson,MrJohanSamuel",26,Southampton,"Hartford,CT",male,0
3rd,"Andersson,MissSigridElizabeth",11,Southampton,"SwedenWinnipeg,MN",female,0
3rd,"Andersson,MasterSigvardHaraldElias",4,Southampton,"SwedenWinnipeg,MN",male,0
3rd,"Andreasson,MrPaulEdvin",20,Southampton,"SwedenChicago,IL",male,0
3rd,"Angheloff,MrMinko",26,Southampton,"BulgariaChicago,IL",male,0
3rd,"Arnold,MrJosef",25,Southampton,"Altdorf,Switzerland",male,0
3rd,"Arnold,MrsJosef(JosephineFrank)",18,Southampton,"Altdorf,Switzerland",female,0
3rd,"Aronsson,MrErnstAxelAlgot",24,Southampton,"SwedenJoliet,IL",male,0
3rd,"Asim,MrAdola",35,Southampton,,male,0
3rd,"Asplund,MrCarlOscarVilhelmGustafsson",40,Southampton,"SwedenWorcester,MA",male,0
3rd,"Asplund,MrsCarlOscar(SelmaAugustaJohansson)",38,Southampton,"SwedenWorcester,MA",female,1
3rd,"Asplund,MasterCarlEdgar",5,Southampton,"SwedenWorcester,MA",male,0
3rd,"Asplund,MasterClarenceGustafHugo",9,Southampton,"SwedenWorcester,MA",male,0
3rd,"Aspland,MasterEdvinRojjFelix",3,Southampton,"SwedenWorcester,MA",male,1
3rd,"Asplund,MasterFilipOscar",13,Southampton,"SwedenWorcester,MA",male,0
3rd,"Asplund,MrJohnCharles",23,Southampton,"Oskarshamn,SwedenMinneapolis,MN",male,1
3rd,"Asplund,MissLillianGertrud",5,Southampton,"SwedenWorcester,MA",female,1
3rd,"Assaf,MrGerios",30,Cherbourg,"Ottawa,ON",male,0
3rd,"Assaf,MrsMariana",45,Cherbourg,"Ottawa,ON",female,1
3rd,"Assam,MrAli",23,Southampton,,male,0
3rd,"Attalah,MissMalaka",17,Cherbourg,,female,0
3rd,"Attala(Kalil),MrSolomon",27,Cherbourg,"Ottawa,ON",male,0
3rd,"Augustsson,MrAlbert",23,Southampton,"Krakoryd,SwedenBloomington,IL",male,0
3rd,"Baccos,MrRafoul",20,Cherbourg,,male,0
3rd,"Backstrom,MrKarlAlfred",32,Southampton,"Ruotsinphytaa,FinlandNewYork,NY",male,0
3rd,"Backstrom,MrsKarlAlfred(MariaMathildaGustafsson)",33,Southampton,"Ruotsinphytaa,FinlandNewYork,NY",female,1
3rd,"Baclini,MissEugenie",3,Cherbourg,"SyriaNewYork,NY",female,1
3rd,"Baclini,MissHelene",30,Cherbourg,"SyriaNewYork,NY",female,1
3rd,"Baclini,MissMaria",30,Cherbourg,"SyriaNewYork,NY",female,1
3rd,"Baclini,MrsSolomon(Latifa)",30,Cherbourg,"SyriaNewYork,NY",female,1
3rd,"Badman,MissEmilyLouisa",18,Southampton,"LondonSkanteales,NY",female,1
3rd,"Badt,MrMohamed",40,Cherbourg,,male,0
3rd,"Balkic,MrCerin",26,Southampton,,male,0
3rd,"Banoura,MissAyout",15,Cherbourg,"SyriaYoungstown,OH",female,1
3rd,"Barbara,MrsCatherine",45,Cherbourg,"SyriaOttawa,ON",female,0
3rd,"Barbara,MissSaude",18,Cherbourg,"SyriaOttawa,ON",female,0
3rd,"Barry,MissJulia",27,Queenstown,"NewYork,NY",female,0
3rd,BartonMrDavid,22,Southampton,"EnglandNewYork,NY",male,0
3rd,"Beavan,MrWilliamThomas",19,Southampton,England,male,0
3rd,"Bengtsson,MrJohnViktor",26,Southampton,"Krakudden,SwedenMoune,IL",male,0
3rd,Berglund.MrKarlIvarSven,22,Southampton,"Tranvik,FinlandNewYork",male,0
3rd,"Betros,MrTannous",20,Cherbourg,Syria,male,0
3rd,"Bing,MrLee",32,Southampton,"HongKongNewYork,NY",male,1
3rd,"Birkeland,MrHans",21,Southampton,"Brennes,NorwayNewYork",male,0
3rd,"Bjorklund,ErnstHerbert",18,Southampton,"Stockholm,SwedenNewYork",male,0
3rd,"Bostandyeff,MrGuentcho",26,Southampton,"BulgariaChicago,IL",male,0
3rd,"Boulos,MasterAkar",6,Cherbourg,"SyriaKent,ON",male,0
3rd,"Boulos,MrHanna",30,Cherbourg,Syria,male,0
3rd,"Boulos,MrsJoseph(Sultana)",30,Cherbourg,"SyriaKent,ON",female,0
3rd,"Boulos,MissLaura",9,Cherbourg,"SyriaKent,ON",female,0
3rd,"Bourke,MrJohn",40,Queenstown,"IrelandChicago,IL",male,0
3rd,"Bourke,MrsJohn(Catherine)",32,Queenstown,"IrelandChicago,IL",female,0
3rd,"Bourke,MissMary",30,Queenstown,"IrelandChicago,IL",female,0
3rd,"Bowen,MrDavid",26,Southampton,"Treherbert,Cardiff,Wales",male,0
3rd,"Bradley,MissBridgetDelia",18,Queenstown,"Kingwilliamstown,CoCork,IrelandGlensFalls,NY",female,1
3rd,"Braf,MissElinEsterMaria",20,Southampton,"Medeltorp,SwedenChicago,IL",female,0
3rd,"Brahim,MrYoussef",30,Cherbourg,,male,0
3rd,"Braund,MrLewisRichard",29,Southampton,"Bridgerule,Devon",male,0
3rd,"Braund,MrOwenHarris",22,Southampton,"Bridgerule,Devon",male,0
3rd,"Brobek,MrKarlRudolf",22,Southampton,"SwedenWorcester,MA",male,0
3rd,"Brocklebank,MrWilliamAlfred",35,Southampton,"Broomfield,Chelmsford,England",male,0
3rd,"Buckley,MrDaniel",21,Queenstown,"Kingwilliamstown,CoCork,IrelandNewYork,NY",male,1
3rd,"Buckley,MissKatherine",20,Queenstown,"CoCork,IrelandRoxbury,MA",female,0
3rd,"Burke,MrJeremiah",19,Queenstown,"CoCork,IrelandCharlestown,MA",male,0
3rd,"Burns,MissMaryDelia",18,Queenstown,"CoSligo,IrelandNewYork,NY",female,0
3rd,"Cacic,MrGrego",18,Southampton,Croatia,male,0
3rd,"Cacic,MrLuka",38,Southampton,Croatia,male,0
3rd,"Cacic,MrManda",30,Southampton,Croatia,male,0
3rd,"Cacic,MrMaria",30,Southampton,Croatia,male,0
3rd,"Calic,MrPeter",17,Southampton,,male,0
3rd,"Canavan,MissMary",21,Queenstown,,female,0
3rd,"Canavan,MrPatrick",21,Queenstown,"IrelandPhiladelphia,PA",male,0
3rd,"Cann,MrErnest",21,Southampton,,male,0
3rd,"Caram(Kareem),MrJoseph",30,Cherbourg,"Ottawa,ON",male,0
3rd,"Caram(Kareem),MrsJoseph(MariaElias)",30,Cherbourg,"Ottawa,ON",female,0
3rd,"Carlsson,MrCarlRobert",24,Southampton,"Goteborg,SwedenHuntley,IL",male,0
3rd,"Carlsson,MrFransOlof",33,Southampton,"NewYork,NY",male,0
3rd,"Carlsson,MrJulius",33,Southampton,,male,0
3rd,"Carlsson,MrAugustSigfrid",28,Southampton,"Dagsas,SwedenFower,MN",male,0
3rd,"Carr,MissHelen",16,Queenstown,"CoLongford,IrelandNewYork,NY",female,1
3rd,"Carr,MissJeannie",37,Queenstown,"CoSligo,IrelandHartford,CT",female,0
3rd,"Carver,MrAlfredJohn",28,Southampton,"StDenys,Southampton,Hants",male,0
3rd,"Cassem,MrNassefBelmenly",30,Cherbourg,"SyriaFredericksburg,VA",male,1
3rd,"Celotti,MrFrancesco",24,Southampton,London,male,0
3rd,"Chartens,MrDavid",21,Southampton,"IrelandNewYork,NY",male,0
3rd,"Chebab,MrEmirFarres",30,Cherbourg,,male,0
3rd,"Chip,MrChang",32,Southampton,"HongKongNewYork,NY",male,0
3rd,"Christmann,MrEmil",29,Southampton,,male,0
3rd,"Chronopoulos,MrApostolos",26,Cherbourg,Greece,male,0
3rd,"Chronopoulos,MrDemetrios",18,Cherbourg,Greece,male,0
3rd,"Coelho,MrDomingosFernandes",20,Southampton,Portugal,male,0
3rd,"Cohen,MrGurshon(Gus)",19,Southampton,"LondonBrooklyn,NY",male,1
3rd,"Colbert,MrPatrick",24,Queenstown,"CoLimerick,IrelandSherbrooke,PQ",male,0
3rd,"Coleff,MrFotio",24,Southampton,,male,0
3rd,"Coleff,MrPeyo",36,Southampton,"BulgariaChicago,IL",male,0
3rd,"Conlin,MrThomasHenry",31,Queenstown,"Philadelphia,PA",male,0
3rd,"Connaghton,MrMichael",31,Queenstown,"IrelandBrooklyn,NY",male,0
3rd,"Connolly,MissKate",30,Queenstown,Ireland,female,0
3rd,"Connolly,MissKate",22,Queenstown,Ireland,female,1
3rd,"Connors,MrPatrick",30,Queenstown,,male,0
3rd,"Cook,MrJacob",43,Southampton,,male,0
3rd,"Cor,MrBartol",35,Southampton,Austria,male,0
3rd,"Cor,MrIvan",27,Southampton,Austria,male,0
3rd,"Cor,MrLudovik",19,Southampton,Austria,male,0
3rd,"Corn,MrHarry",30,Southampton,London,male,0
3rd,"Coutts,MrsWilliam(Minnie)",36,Southampton,"EnglandBrooklyn,NY",female,1
3rd,"Coutts,MasterNeville",3,Southampton,"EnglandBrooklyn,NY",male,1
3rd,"Coutts,MasterWilliamLeslie",9,Southampton,"EnglandBrooklyn,NY",male,1
3rd,"Coxon,MrDaniel",59,Southampton,"Merrill,WI",male,0
3rd,"Crease,MrErnestJames",19,Southampton,"Bristol,EnglandCleveland,OH",male,0
3rd,"Cribb,MrJohnHatfield",44,Southampton,"Bournemouth,EnglandNewark,NJ",male,0
3rd,"Cribb,MissLauraAlice",17,Southampton,"Bournemouth,EnglandNewark,NJ",female,1
3rd,"Daher,MrTannous",30,Cherbourg,,male,0
3rd,"Dahl,MrCharlesEdward",45,Southampton,"AustraliaFingal,ND",male,1
3rd,"Dahlberg,MissGerdaUlrika",22,Southampton,"Norrlot,SwedenChicago,IL",female,0
3rd,"Dakic,MrBranko",19,Southampton,Austria,male,0
3rd,"Daly,MrEugene",29,Queenstown,"CoAthlone,IrelandNewYork,NY",male,1
3rd,"Daly,MissMarcella",30,Queenstown,"CoAthlone,IrelandNewYork,NY",female,1
3rd,"Danbom,MrErnstGilbert",34,Southampton,"Stanton,IA",male,0
3rd,"Danbom,MrsErnstGilbert(AnnaSigridMariaBrogren)",28,Southampton,"Stanton,IA",female,0
3rd,"Danbom,MasterGilbertSigvardEmanuel",0.3333,Southampton,"Stanton,IA",male,0
3rd,"Danoff,MrYoto",27,Southampton,"BulgariaChicago,IL",male,0
3rd,"Dantchoff,MrKhristo",25,Southampton,"BulgariaChicago,IL",male,0
3rd,"Davies,MrAlfred",24,Southampton,"WestBromwich,EnglandPontiac,MI",male,0
3rd,"Davies,MrEvan",22,Southampton,,male,0
3rd,"Davies,MrJohn",21,Southampton,"WestBromwich,EnglandPontiac,MI",male,0
3rd,"Davies,MrJoseph",17,Southampton,"WestBromwich,EnglandPontiac,MI",male,0
3rd,"Davison,MrThomasHenry",30,Southampton,"Liverpool,EnglandBedford,OH",male,0
3rd,"Davison,MrsThomasHenry(MaryFinck)",30,Southampton,"Liverpool,EnglandBedford,OH",female,1
3rd,"Dean,MrBertram",26,Southampton,"Devon,EnglandWichita,KS",male,0
3rd,"Dean,MrsBertram(Eva)",33,Southampton,"Devon,EnglandWichita,KS",female,1
3rd,"Dean,MasterBertramVere",1,Southampton,"Devon,EnglandWichita,KS",male,1
3rd,"Dean,MissElizabethGladys(Millvena)",0.1667,Southampton,"Devon,EnglandWichita,KS",female,1
3rd,"Delalic,MrRegyo",25,Southampton,,male,0
3rd,"DeMessemaeker,MrWilliamJoseph",36,Southampton,"Tampico,MT",male,1
3rd,"DeMessemaeker,MrsWilliamJoseph(Anna)",36,Southampton,"Tampico,MT",female,1
3rd,"DeMulder,MrTheo",30,Southampton,"BelgiumDetroit,MI",male,1
3rd,"Denkoff,MrMito",30,Southampton,"BulgariaCoonRapids,IA",male,0
3rd,"Dennis,MrSamuel",23,Southampton,,male,0
3rd,"Dennis,MrWilliam",26,Southampton,,male,0
3rd,"Devaney,MissMargaret",19,Queenstown,"Kilmacowen,CoSligo,IrelandNewYork,NY",female,1
3rd,"Dewan,MrFrank",65,Queenstown,,male,0
3rd,"Dibo,MrElias",30,Cherbourg,,male,0
3rd,"Dimic,MrJovan",42,Southampton,,male,0
3rd,"Dintcheff,MrValtcho",43,Southampton,,male,0
3rd,"Dooley,MrPatrick",32,Queenstown,"IrelandNewYork,NY",male,0
3rd,"Dorkings,MrEdwardArthur",19,Southampton,"EnglandOglesby,IL",male,1
3rd,"Dowdell,MissElizabeth",30,Southampton,"UnionHill,NJ",female,1
3rd,"Doyle,MissElizabeth",24,Queenstown,"IrelandNewYork,NY",female,0
3rd,"Drapkin,MissJennie",23,Southampton,"LondonNewYork,NY",female,1
3rd,"Drazonovic,MrJosef",30,Cherbourg,"AustriaNiagaraFalls,NY",male,0
3rd,"Driscoll,MissBridget",24,Queenstown,"Ballydehob,CoCork,IrelandNewYork,NY",female,1
3rd,"Duquemin,MrJoseph",24,Southampton,"EnglandAlbion,NY",male,1
3rd,"Dyker,MrAdolfFredrik",23,Southampton,"WestHaven,CT",male,0
3rd,"Dyker,MrsAdolfFredrik(AnnaElizabethJudithAndersson)",22,Southampton,"WestHaven,CT",female,1
3rd,"Econovic,MrJoso",30,Southampton,Austria-Hungary,male,0
3rd,"Edvardsson,MrGustafHjalmar",18,Southampton,"Tofta,SwedenJoliet,IL",male,0
3rd,"Eklund,MrHansLinus",16,Southampton,"Karberg,SwedenJeromeJunction,AZ",male,0
3rd,"Ekstrom,MrJohan",45,Southampton,"EffingtonRut,SD",male,0
3rd,"Elias,MrElias",30,Cherbourg,Syria,male,0
3rd,"Elias,MrJohn",30,Cherbourg,Syria,male,0
3rd,"Elias,MrJoseph",30,Cherbourg,"SyriaOttawa,ON",male,0
3rd,"Elsbury,MrJames",47,Southampton,"Illinois,USA",male,0
3rd,"Emanuel,MissVirginiaEthel",5,Southampton,"NewYork,NY",female,1
3rd,"Emmeth,MrThomas",30,Southampton,,male,0
3rd,"Everett,ThomasJames",30,Southampton,,male,0
3rd,"Farrell,MrJames",30,Queenstown,"Aughnacliff,CoLongford,IrelandNewYork,NY",male,0
3rd,"Finoli,MrLuigi",30,Southampton,"ItalyPhiladelphia,PA",male,1
3rd,"Fischer,MrEberhardTelander",30,Southampton,,male,0
3rd,"Flynn,MrJames",30,Queenstown,,male,0
3rd,"Flynn,MrJohn",30,Queenstown,,male,0
3rd,"Foley,MrJoseph",30,Queenstown,"IrelandChicago,IL",male,0
3rd,"Foley,MrWilliam",30,Queenstown,Ireland,male,0
3rd,"Foo,MrChoong",30,Southampton,"HongKongNewYork,NY",male,1
3rd,"Ford,MrArthur",30,Southampton,"Bridgwater,Somerset,England",male,0
3rd,"Ford,MissDoolinaMargaret",21,Southampton,"Rotherfield,Sussex,EnglandEssexCo,MA",female,0
3rd,"Ford,MrEdwardWatson",18,Southampton,"Rotherfield,Sussex,EnglandEssexCo,MA",male,0
3rd,"Ford,MissMaggie",9,Southampton,"Rotherfield,Sussex,EnglandEssexCo,MA",female,0
3rd,"Ford,MrsEdward(MargaretAnn)",48,Southampton,"Rotherfield,Sussex,EnglandEssexCo,MA",female,0
3rd,"Ford,MrNeilWatson",16,Southampton,"Rotherfield,Sussex,EnglandEssexCo,MA",male,0
3rd,"Fox,MrPatrick",30,Queenstown,"IrelandNewYork,NY",male,0
3rd,"Franklin,MrCharles",30,Southampton,,male,0
3rd,"Gallagher,MrMartin",25,Queenstown,"NewYork,NY",male,0
3rd,"Garfirth,MrJohn",30,Southampton,,male,0
3rd,"Georges,MrsShahiniWeappi",30,Cherbourg,"Youngstown,OH",female,1
3rd,"Gilinski,MrLeslie",22,Southampton,,male,0
3rd,"Gilnagh,MissKatie",16,Queenstown,"CoLongford,IrelandNewYork,NY",female,1
3rd,"Glynn,MissMaryAgatha",30,Queenstown,"CoClare,IrelandWashington,DC",female,1
3rd,"Goldsmith,MrFrankJohn",33,Southampton,"Strood,Kent,EnglandDetroit,MI",male,0
3rd,"Goldsmith,MrsFrankJohn(EmilyA.Brown)",30,Southampton,"Strood,Kent,EnglandDetroit,MI",female,1
3rd,"Goldsmith,MasterFrankJohnWilliam",9,Southampton,"Strood,Kent,EnglandDetroit,MI",male,1
3rd,"Goldsmith,MrNathan",41,Southampton,"Philadelphia,PA",male,0
3rd,"Goncalves,MrManuelEstanslas",38,Southampton,Portugal,male,0
3rd,"Goodwin,MrFrederick",40,Southampton,"Wiltshire,EnglandNiagaraFalls,NY",male,0
3rd,"Goodwin,MrsFrederick(Augusta)",43,Southampton,"Wiltshire,EnglandNiagaraFalls,NY",female,0
3rd,"Goodwin,MrCharlesE.",14,Southampton,"Wiltshire,EnglandNiagaraFalls,NY",male,0
3rd,"Goodwin,MissLillianA.",16,Southampton,"Wiltshire,EnglandNiagaraFalls,NY",female,0
3rd,"Goodwin,MasterHaroldV.",9,Southampton,"Wiltshire,EnglandNiagaraFalls,NY",male,0
3rd,"Goodwin,MissJessieA.",10,Southampton,"Wiltshire,EnglandNiagaraFalls,NY",female,0
3rd,"Goodwin,MasterSidneyL.",6,Southampton,"Wiltshire,EnglandNiagaraFalls,NY",male,0
3rd,"Goodwin,MasterWilliamF.",11,Southampton,"Wiltshire,EnglandNiagaraFalls,NY",male,0
3rd,"Green,MrGeorge",40,Southampton,"Dorking,Surrey,England",male,0
3rd,"Gronnestad,MrDanielDanielsen",32,Southampton,"Foresvik,NorwayPortland,ND",male,0
3rd,"Guest,MrRobert",30,Southampton,,male,0
3rd,"Gustafsson,MrAlfredOssian",20,Southampton,"Waukegan,Chicago,IL",male,0
3rd,"Gustafsson,MrAndersVilhelm",37,Southampton,"Ruotsinphytaa,FinlandNewYork,NY",male,0
3rd,"Gustafsson,MrJohanBirger",28,Southampton,"Ruotsinphytaa,FinlandNewYork,NY",male,0
3rd,"Gustafsson,MrKarlGideon",19,Southampton,"Myren,SwedenNewYork,NY",male,0
3rd,"Haas,MissAloisia",30,Southampton,,female,0
3rd,"Hagardon,MissKate",30,Southampton,,female,0
3rd,"Hagland,MrIngvaldOlsen",30,Southampton,,male,0
3rd,"Hagland,MrKonradMathiasReiersen",30,Southampton,,male,0
3rd,"Hakkarainen,MrPekkoPietari",30,Southampton,,male,0
3rd,"Hakkarainen,MrsPekkoPietari",30,Southampton,,female,1
3rd,"Hampe,MrLeon",30,Southampton,,male,0
3rd,"Hansen,MrClausPeter",30,Southampton,,male,0
3rd,"Hansen,MrsClausPeter",30,Southampton,,female,1
3rd,"Hansen,MrHenrikJuul",30,Southampton,,male,0
3rd,"Hansen,MrHenryDamsgaard",30,Southampton,,male,0
3rd,"Harknett,MissAlice",30,Southampton,,female,0
3rd,"Harmer,MrAbraham",30,Southampton,,male,0
3rd,"Hart,MrHenry",30,Southampton,,male,0
3rd,"Hassan,MrM.Houssein",30,Southampton,,male,0
3rd,"Healy,MissNora",30,Southampton,,female,0
3rd,"Hedman,MrOscar",30,Southampton,,male,1
3rd,"Hee,MrLing",30,Southampton,,male,0
3rd,"Hegarty,MissNora",30,Southampton,,female,0
3rd,"Heikkinen,MissLaina",30,Southampton,,female,1
3rd,"Heininen,MissWendlaMaria",30,Southampton,,female,0
3rd,"Hellstrom,HildaMaria",30,Southampton,,female,1
3rd,"Hemming,MissNora",30,Southampton,,female,0
3rd,"Hendekovic,MrIgnaz",30,Southampton,,male,0
3rd,"Henery,Delia",30,Southampton,,female,0
3rd,"Henriksson,JennyLovisa",30,Southampton,,female,0
3rd,"Hirvonen,MrsAlexander",30,Southampton,,female,1
3rd,"Hirvonen,MissHildurE.",30,Southampton,,female,0
3rd,"Holm,MrJohnFrederikAlexander",30,Southampton,,male,0
3rd,"Holthen,MrJohanMartin",30,Southampton,,male,0
3rd,"Honkanen,MissEluna",30,Southampton,,female,1
3rd,"Horgan,MrJohn",30,Southampton,,male,0
3rd,"Howard,MissMay",30,Southampton,,female,1
3rd,"Humblin,MrAdolfMathiasNicolaiOlsen",30,Southampton,,male,0
3rd,"Hyman,MrAbraham",30,Southampton,,male,1
3rd,"Ilieff,MrYlio",30,Southampton,,male,0
3rd,"Ilmakangas,MissIdaLivija",30,Southampton,,female,0
3rd,"Ilmakangas,MissPietaSofia",30,Southampton,,female,0
3rd,"Ivanoff,MrKonio",30,Southampton,,male,0
3rd,"Jansen,MrCarlOlof",30,Southampton,,male,1
3rd,"Jardin,MrJoseNetto",30,Southampton,,male,0
3rd,"Jensen,MissCarlaChristine",30,Southampton,,female,1
3rd,"Jensen,MrHansPeder",30,Southampton,,male,0
3rd,"Jensen,MrNielsPeder",30,Southampton,,male,0
3rd,"Jensen,MrSvendLauritz",30,Southampton,,male,0
3rd,"Jermyn,MissAnnie",30,Southampton,,female,1
3rd,"Johannesen-Bratthammer,MrBernt",30,Southampton,,male,0
3rd,"Johanson,MrJakobAlfred",30,Southampton,,male,0
3rd,"Johansson,MrErik",30,Southampton,,male,0
3rd,"Johansson,MrGustaffJoel",30,Southampton,,male,0
3rd,"Johansson,MrKarlJohan",30,Southampton,,male,1
3rd,"Johansson,MrNils",30,Southampton,,male,0
3rd,"Johansson,OscarL.",30,Southampton,,male,1
3rd,"Johnson,MrAlfred",30,Southampton,,male,0
3rd,"Johnson,MissEleanorIleen",30,Southampton,,female,1
3rd,"Johnson,MrMalkolmJoackim",30,Southampton,,male,0
3rd,"Johnson,MasterHaroldTheodor",30,Southampton,,male,1
3rd,"Johnson,MrsOscarW.",30,Southampton,,female,0
3rd,"Johnson,MrWilliamCahooneJr.",30,Southampton,,male,0
3rd,"Johnston,MrAndrewG.",30,Southampton,,male,0
3rd,"Johnston,MrsAndrewG.",30,Southampton,,female,0
3rd,"Johnston,MissCatherineH.",30,Southampton,,female,0
3rd,"Johnston,MasterWilliamA.",30,Southampton,,male,0
3rd,"Jonkoff,MrLazor",30,Southampton,,male,0
3rd,"Jonsson,MrCarl",30,Southampton,,male,1
3rd,"Jonsson,NilsHilding",30,Southampton,,male,0
3rd,"Jussila,MissAinaMaria",30,Southampton,,female,0
3rd,"Jussila,MrErik",30,Southampton,,male,1
3rd,"Jussila,MissKatriina",30,Southampton,,female,0
3rd,"Kallio,MrNikolaiErland",30,Southampton,,male,0
3rd,"Kalvig,MrJohannesK.Halverson",30,Southampton,,male,0
3rd,"Karajic,MrMilan",30,Southampton,,male,0
3rd,"Karlsson,MrEinarGervasius",30,Southampton,,male,1
3rd,"Karlsson,MrJuliusKonradEugen",30,Southampton,,male,0
3rd,"Karlsson,MrNilsAugust",30,Southampton,,male,0
3rd,"Karun,MissAnnaMary",30,Southampton,,female,1
3rd,"Karun,MrFranz",30,Southampton,,male,0
3rd,"Kassem,MrFared",30,Southampton,,male,0
3rd,"Keane,MrAndrew",30,Southampton,,male,0
3rd,"Keefe,MrArthur",30,Southampton,,male,0
3rd,"Kekic,MrTido",30,Southampton,,male,0
3rd,"Kelly,MissAnnaKate",30,Southampton,,female,1
3rd,"Kelly,MrJames",30,Southampton,,male,0
3rd,"Kelly,MissMary",30,Southampton,,female,1
3rd,"Kennedy,MrJohn",30,Southampton,,male,0
3rd,"Khalil,MrBetros",30,Southampton,,male,0
3rd,"Khalil,MrsBetros",30,Southampton,,female,0
3rd,"Khalil,MrSaad",30,Southampton,,male,0
3rd,"Kiernan,MrJohn",30,Southampton,,male,0
3rd,"Kiernan,MrPhilip",30,Southampton,,male,0
3rd,"Kilgannon,MrThomas",30,Southampton,,male,0
3rd,"Kink,MrAnton",30,Southampton,,male,1
3rd,"Kink,MrsAnton(LouiseHeilmann)",30,Southampton,,female,0
3rd,"Kink,MissLouiseGretchen",30,Southampton,,female,1
3rd,"Kink,MissMaria",30,Southampton,,female,0
3rd,"Kink,MrVincenz",30,Southampton,,male,0
3rd,"Klasen,MissGertrudEmilia",30,Southampton,,female,0
3rd,"Klasen,MrsHuldaKristina",30,Southampton,,female,0
3rd,"Klasen,MrKlasAlbin",30,Southampton,,male,0
3rd,"Kraeff,MrTheodor",30,Southampton,,male,0
3rd,"Krekorian,MrNeshan",30,Southampton,,male,1
3rd,"Lahowd,MrSarkis",30,Southampton,,male,0
3rd,"Laitinen,MissKritinaSofia",30,Southampton,,female,0
3rd,"Laleff,MrKristo",30,Southampton,,male,0
3rd,"Lam,MrAli",30,Southampton,,male,1
3rd,"Lam,MrLen",30,Southampton,,male,0
3rd,"Landegren,MissAuroraAdelia",30,Southampton,,female,1
3rd,"Lane,MrPatrick",30,Southampton,,male,0
3rd,"Lang,MrFang",30,Southampton,,male,1
3rd,"Larsson,MrAugustViktor",30,Southampton,,male,0
3rd,"Larsson,MrBengtEdvin",30,Southampton,,male,0
3rd,"Larsson-Rondberg,MrEdvard",30,Southampton,,male,0
3rd,"Leeni,MrFahim",30,Southampton,,male,1
3rd,"Lefebre,MrsFrank",30,Southampton,,female,0
3rd,"Lefebre,MasterHenry",30,Southampton,,male,0
3rd,"Lefebre,MissIda",30,Southampton,,female,0
3rd,"Lefebre,MissJeannie",30,Southampton,,female,0
3rd,"Lefebre,MissMathilde",30,Southampton,,female,0
3rd,"Leinonen,MrAnttiGustaf",30,Southampton,,male,0
3rd,"Lemberopolous,MrPeterL.",30,Southampton,,male,0
3rd,"Lemom,MrDenis",30,Southampton,,male,0
3rd,"Lemon,MissMary",30,Southampton,,female,0
3rd,"Leonard,MrLionel",30,Southampton,,male,0
3rd,"Lester,MrJames",30,Southampton,,male,0
3rd,"Lindahl,MissAgdaV.",30,Southampton,,female,0
3rd,"Lindblom,MissAugustaCharlotta",30,Southampton,,female,0
3rd,"Lindell,MrEdvardBengtsson",30,Southampton,,male,0
3rd,"Lindell,MrsEdvardBengtsson",30,Southampton,,female,0
3rd,"Lindqvist,EinoWilliam",30,Southampton,,male,1
3rd,"Linehan,MrMichael",30,Southampton,,male,0
3rd,"Ling,MrLee",30,Southampton,,male,0
3rd,"Lithman,MrSimon",30,Southampton,,male,0
3rd,"Lobb,MrWilliamArthur",30,Southampton,,male,0
3rd,"Lobb,MrsWilliamArthur",30,Southampton,,female,0
3rd,"Lockyer,MrEdward",30,Southampton,,male,0
3rd,"Lovell,MrJohn",30,Southampton,,male,0
3rd,"Lulich,MrNicola",30,Southampton,,male,1
3rd,"Lundahl,MrJohan",30,Southampton,,male,0
3rd,"Lundin,MissOlgaElida",30,Southampton,,female,1
3rd,"Lundstrom,MrThureEdvin",30,Southampton,,male,0
3rd,"Lyntakoff,MrStanko",30,Southampton,,male,0
3rd,"MacKay,MrGeorgeWilliam",30,Southampton,,male,0
3rd,"Madigan,MissMargaret",30,Southampton,,female,1
3rd,"Madsen,MrFrithiof",30,Southampton,,male,0
3rd,"Maenpaa,MrMattiAlexanteri",30,Southampton,,male,0
3rd,"Mahon,MissDelia",30,Southampton,,female,0
3rd,"Maisner,MrSimon",30,Southampton,,male,0
3rd,"Makinen,MrKalleEdvard",30,Southampton,,male,0
3rd,"Mamee,MrHanna",30,Southampton,,male,1
3rd,"Mangan,MissMary",30,Southampton,,female,0
3rd,"Mannion,MissMargareth",30,Southampton,,female,1
3rd,"Mansour,MrHanna",30,Southampton,,male,0
3rd,"Mardirosian,MrSarkis",30,Southampton,,male,0
3rd,"Marinko,MrDmitri",30,Southampton,,male,0
3rd,"Markim,MrJohann",30,Southampton,,male,0
3rd,"Markoff,MrMarin",30,Southampton,,male,0
3rd,"Masselmany,MrsFatima",30,Southampton,,female,1
3rd,"Matinoff,MrNicola",30,Southampton,,male,0
3rd,"McCarthy,MissKatie",30,Southampton,,female,1
3rd,"McCormack,MrThomasJ.",30,Southampton,,male,0
3rd,"McCoy,MissAgnes",30,Southampton,,female,0
3rd,"McCoy,MissAlice",30,Southampton,,female,0
3rd,"McCoy,MrBernard",30,Southampton,,male,0
3rd,"McDermott,MissDelia",30,Southampton,,female,0
3rd,"McElroy,MrMichael",30,Southampton,,male,0
3rd,"McGovern,MrsHugh",30,Southampton,,female,1
3rd,"McGowan,MissAnna",30,Southampton,,female,0
3rd,"McGowan,MissKatherine",30,Southampton,,female,0
3rd,"McMahon,MrMartin",30,Southampton,,male,0
3rd,"McNamee,MrNeal",30,Southampton,,male,0
3rd,"McNamee,MrsNeal",30,Southampton,,female,0
3rd,"Meanwell,MissMarionOgden",30,Southampton,,female,0
3rd,"Mechen,MrJohn",30,Southampton,,male,0
3rd,"Meek,MrsThomas",30,Southampton,,female,0
3rd,"Melkebuk,MrsPhilemon",30,Southampton,,female,0
3rd,"Meo,MrAlfonso",30,Southampton,,male,0
3rd,"Midtsjo,MrKarlAlbert",30,Southampton,,male,1
3rd,"Mihoff,MrStoytcho",30,Southampton,,male,0
3rd,"Miles,MrFrank",30,Southampton,,male,0
3rd,"Mineff,MrIvan",30,Southampton,,male,0
3rd,"Minkoff,MrLazar",30,Southampton,,male,0
3rd,"Mirko,MrDika",30,Southampton,,male,0
3rd,"Mitkoff,MrMito",30,Southampton,,male,0
3rd,"Mocklare,MissHelenMary",30,Southampton,,female,1
3rd,"Moen,MrSigurdH.",30,Southampton,,male,0
3rd,"Moor,MrsBeila",30,Southampton,,female,1
3rd,"Moor,MasterMeier",30,Southampton,,male,0
3rd,"Moore,MrLeonardCharles",30,Southampton,,male,0
3rd,"Moran,MissBertha",30,Southampton,,female,1
3rd,"Moran,MrDanielJ.",30,Southampton,,male,0
3rd,"Moran,MrJames",30,Southampton,,male,0
3rd,"Morley,MrHenrySamuel",30,Southampton,,male,0
3rd,"Morrow,MrThomasRowan",30,Southampton,,male,0
3rd,"Moubarek(Borak),MrHanna(John)",30,Southampton,,male,1
3rd,"Moubarek,MrsGeorge",30,Southampton,,female,0
3rd,"Moubarek,MasterGeorge",30,Southampton,,male,0
3rd,"Moubarek,MasterWilliamGeorge",30,Southampton,,male,0
3rd,"Moss,AlbertJohan",30,Southampton,,male,0
3rd,"Moussa,MrsMantouraBaloics",30,Southampton,,female,0
3rd,"Moutal,MrRahamin",30,Southampton,,male,0
3rd,"Mullins,MissKatie",30,Southampton,,female,1
3rd,"Mulvihill,MissBerthaE.",30,Southampton,,female,0
3rd,"Murdlin,MrJoseph",30,Southampton,,male,0
3rd,"Murphy,MissKatherine",30,Southampton,,female,0
3rd,"Murphy,MissMargaret",30,Southampton,,female,0
3rd,"Murphy,MissNora",30,Southampton,,female,0
3rd,"Myhrman,MrPehrFabianOliverMalkolm",30,Southampton,,male,0
3rd,"Nackid,MissMaria",30,Southampton,,female,1
3rd,"Nackid,MrSaid",30,Southampton,,male,0
3rd,"Nackid,MrsSaid",30,Southampton,,female,0
3rd,"Nahill,MrToufik",30,Southampton,,male,0
3rd,"Naidenoff,MrPenko",30,Southampton,,male,0
3rd,"Nancarrow,W.H.",30,Southampton,,male,0
3rd,"Niklasen,Sander",30,Southampton,,male,0
3rd,"Nosworthy,RichardC.",30,Southampton,,male,0
3rd,"Najib,MissAdeleKiamie",30,Southampton,,female,1
3rd,"Nancarrow,MrWilliamHenry",30,Southampton,,male,0
3rd,"Nankoff,MrMinko",30,Southampton,,male,0
3rd,"Nasr,MrMustafa",30,Southampton,,male,0
3rd,"Nassr,MrSaadeJean",30,Southampton,,male,0
3rd,"Naughton,MissHannah",30,Southampton,,female,0
3rd,"Nemaugh,MrRobert",30,Southampton,,male,0
3rd,"Nenkoff,MrChristo",30,Southampton,,male,0
3rd,"Nicola-Yarred,MissJamila",30,Southampton,,female,1
3rd,"Nicola-Yarred,MasterElias",30,Southampton,,male,0
3rd,"Nieminen,MissMantaJosefina",30,Southampton,,female,0
3rd,"Niklasson,MrSamuel",30,Southampton,,male,0
3rd,"Nilsson,MrAugustFerdinand",30,Southampton,,male,0
3rd,"Nilsson,MissBertaOlivia",30,Southampton,,female,1
3rd,"Nilsson,MissHelminaJosefina",30,Southampton,,female,0
3rd,"Niskanen,MrJohan",30,Southampton,,male,0
3rd,"Nosworthy,MrRichardCater",30,Southampton,,male,0
3rd,"Novel,Mansouer",30,Southampton,,male,1
3rd,"Nysten,MissAnna",30,Southampton,,female,0
3rd,"Nysveen,MrJohanH.",30,Southampton,,male,0
3rd,"O'Brien,MrDenis",30,Southampton,,male,0
3rd,"O'Brien,MrThomas",30,Southampton,,male,0
3rd,"O'Brien,MrsThomas",30,Southampton,,female,1
3rd,"O'Connell,MrPatrickD.",30,Southampton,,male,0
3rd,"O'Connor,MrMaurice",30,Southampton,,male,0
3rd,"O'Connor,MrPatrick",30,Southampton,,male,0
3rd,"Odahl,MrNilsMartin",30,Southampton,,male,1
3rd,"O'Dwyer,MissNellie",30,Southampton,,female,0
3rd,"Ohman,MissVelin",30,Southampton,,female,0
3rd,"O'Keefe,MrPatrick",30,Southampton,,male,0
3rd,"OLeary,MissNorah",30,Southampton,,female,0
3rd,"Olsen,MasterArthur",30,Southampton,,male,0
3rd,"Olsen,MrCharlie(Carl)",30,Southampton,,male,0
3rd,"Olsen,MrHenryMargido",30,Southampton,,male,0
3rd,"Olsen,MrOleM.",30,Southampton,,male,0
3rd,"Olsson,MissElida",30,Southampton,,female,0
3rd,"Olsson,MrNilsJohan",30,Southampton,,male,0
3rd,"Olsson,MrOscarJohansson",30,Southampton,,male,1
3rd,"O'Neill,MissBridget",30,Southampton,,female,0
3rd,"Oreskovic,MrJeko",30,Southampton,,male,0
3rd,"Oreskovic,MrLuka",30,Southampton,,male,0
3rd,"Oreskovic,MrMaria",30,Southampton,,male,0
3rd,"Osen,MrOlofElon",30,Southampton,,male,0
3rd,"Osman,MissMaria",30,Southampton,,female,1
3rd,"O'Sullivan,MissBridget",30,Southampton,,female,0
3rd,"Panula,MrErnestiArvid",30,Southampton,,male,0
3rd,"Panula,MrJaakoArnold",30,Southampton,,male,0
3rd,"Panula,MasterJuhaNiilo",30,Southampton,,male,0
3rd,"Panula,MrsJohn",30,Southampton,,female,0
3rd,"Panula,MasterUrhoAbraham",30,Southampton,,male,0
3rd,"Panula,MasterWilliam",30,Southampton,,male,0
3rd,"Pasic,MrJakob",30,Southampton,,male,0
3rd,"Paulner,MrUscher",30,Southampton,,male,0
3rd,"Paulsson,MasterGostaLeonard",30,Southampton,,male,0
3rd,"Paulsson,MrsNils",30,Southampton,,female,0
3rd,"Paulsson,MasterPaulFolke",30,Southampton,,male,0
3rd,"Paulsson,MissStinaViola",30,Southampton,,female,0
3rd,"Paulsson,MissTorborgDanira",30,Southampton,,female,0
3rd,"Pavlovic,MrStefo",30,Southampton,,male,0
3rd,"Peacock,MasterAlfredEdward",30,Southampton,,male,0
3rd,"Peacock,MrsBenjamin",30,Southampton,,female,0
3rd,"Peacock,MissTreasteall",30,Southampton,,female,0
3rd,"Pearce,MrErnest",30,Southampton,,male,0
3rd,"Pecruic,MrMate",30,Southampton,,male,0
3rd,"Pecruic,MrTome",30,Southampton,,male,0
3rd,"Pedersen,MrOlaf",30,Southampton,,male,0
3rd,"Peduzzi,MrJoseph",30,Southampton,,male,0
3rd,"Pekoniemi,MrEdvard",30,Southampton,,male,1
3rd,"Peltomaki,NikolaiJohannes",30,Southampton,,male,0
3rd,"Perkin,MrJohnHenry",30,Southampton,,male,0
3rd,"Persson,MrErnstUlrik",30,Southampton,,male,1
3rd,"Peter(Joseph),MissMary",30,Southampton,,female,0
3rd,"Peter(Joseph),MrsCatherine",30,Southampton,,female,0
3rd,"Peter(Joseph),MasterMichaelJ.",30,Southampton,,male,0
3rd,"Peters,MissKatie",30,Southampton,,female,0
3rd,"Petersen,MrMarius",30,Southampton,,male,0
3rd,"Petranec,MissMatilda",30,Southampton,,female,0
3rd,"Petroff,MrNedeca",30,Southampton,,male,0
3rd,"Petroff,MrPentcho",30,Southampton,,male,0
3rd,"Pettersson,MissEllenNatalia",30,Southampton,,female,0
3rd,"Peterson,MrJohanEmil",30,Southampton,,male,0
3rd,"Pickard(Trembisky),MrBerk",30,Southampton,,male,1
3rd,"Plotcharsky,MrVasil",30,Southampton,,male,0
3rd,"Potchett,MrGeorge",30,Southampton,,male,0
3rd,"Radeff,MrAlexander",30,Southampton,,male,0
3rd,"Raibid,MrRazi",30,Southampton,,male,0
3rd,"Reed,MrJamesGeorge",30,Southampton,,male,0
3rd,"Reynolds,MrHarold",30,Southampton,,male,0
3rd,"Rice,MasterAlbert",30,Southampton,,male,0
3rd,"Rice,MasterArthur",30,Southampton,,male,0
3rd,"Rice,MasterGeorge",30,Southampton,,male,0
3rd,"Rice,MasterEric",30,Southampton,,male,0
3rd,"Rice,MasterEugene",30,Southampton,,male,0
3rd,"Rice,MrsWilliam",30,Southampton,,female,0
3rd,"Riihiivouri,MissSanni",30,Southampton,,female,0
3rd,"Rintamaki,MrMatti",30,Southampton,,male,0
3rd,"Riordan,MissHannah",30,Southampton,,female,1
3rd,"Risien,MrSamuel",30,Southampton,,male,0
3rd,"Risien,MrsSamuel",30,Southampton,,female,0
3rd,"Robins,MrAlexanderA.",30,Southampton,,male,0
3rd,"Robins,MrsAlexanderA.",30,Southampton,,female,0
3rd,"Rommetvedt,MrKarlKristianKnut",30,Southampton,,male,0
3rd,"Rogers,MrWilliamJohn",30,Southampton,,male,0
3rd,"Rosblom,MrsViktor",30,Southampton,,female,0
3rd,"Rosblom,MissSalliHelena",30,Southampton,,female,0
3rd,"Rosblom,MrViktorRickard",30,Southampton,,male,0
3rd,"Roth,MissSarah",30,Southampton,,female,1
3rd,"Rouse,MrRichardHenry",30,Southampton,,male,0
3rd,"Rush,MrAlfredGeorgeJohn",30,Southampton,,male,0
3rd,"Ryan,MrEdwardRyan",30,Southampton,,male,1
3rd,"Ryan,MrPatrick",30,Southampton,,male,0
3rd,"Saad,MrAmin",30,Southampton,,male,0
3rd,"Saad,Khalil",30,Southampton,,male,1
3rd,"Sadlier,MrMatthew",30,Southampton,,male,0
3rd,"Sadowitz,MrHarry",30,Southampton,,male,0
3rd,"Sage,MissAda",30,Southampton,,female,0
3rd,"Sage,MissConstance",30,Southampton,,female,0
3rd,"Sage,MissDorothy",30,Southampton,,female,0
3rd,"Sage,MrDouglas",30,Southampton,,male,0
3rd,"Sage,MrFrederick",30,Southampton,,male,0
3rd,"Sage,MrGeorge",30,Southampton,,male,0
3rd,"Sage,MrJohn",30,Southampton,,male,0
3rd,"Sage,MrsJohn",30,Southampton,,female,0
3rd,"Sage,MissStella",30,Southampton,,female,0
3rd,"Sage,Thomas(child)",30,Southampton,,male,0
3rd,"Sage,MasterWilliam",30,Southampton,,male,0
3rd,"Salander,MrKarlJohan",30,Southampton,,male,0
3rd,"Salkjelsvik,MissAnna",30,Southampton,,female,1
3rd,"Salonen,MrJohanWerner",30,Southampton,,male,0
3rd,"Samaan,MrElias",30,Southampton,,male,0
3rd,"Samaan,MrHanna",30,Southampton,,male,0
3rd,"Samaan,MrYoussef",30,Southampton,,male,0
3rd,"Sandstrom,MissHjalmar",30,Southampton,,female,1
3rd,"Sandstrom,MissBeatriceIrene",30,Southampton,,female,0
3rd,"Sandstrom,MissMargueriteRut",30,Southampton,,female,0
3rd,"Sather,SimonSivertsen",30,Southampton,,male,0
3rd,"Saundercock,WilliamHenry",30,Southampton,,male,0
3rd,"Sawyer,MrFrederick",30,Southampton,,male,0
3rd,"Scanlan,MrJames",30,Southampton,,male,0
3rd,"Sdycoff,MrTodor",30,Southampton,,male,0
3rd,SemanMasterBetros,30,Southampton,,male,0
3rd,"Serota,MrMaurice",30,Southampton,,male,0
3rd,"Shaughnesay,MrPatrick",30,Southampton,,male,0
3rd,"Shedid(Sitik),MrDaher(Docart)",30,Southampton,,male,0
3rd,"Sheerlinck,MrJean",30,Southampton,,male,1
3rd,"Shellard,MrFrederickB.",30,Southampton,,male,0
3rd,"Shine,MissEllen",30,Southampton,,female,1
3rd,"Shorney,MrCharles",30,Southampton,,male,0
3rd,"Simmons,MrJohn",30,Southampton,,male,0
3rd,"Sirayanian,MrArsun",30,Southampton,,male,0
3rd,"Sivic,MrHusen",30,Southampton,,male,0
3rd,"Sivola,MrAntti",30,Southampton,,male,0
3rd,"Sjoblom,MissAnnaSofia",30,Southampton,,female,1
3rd,"Sholt,MrPeterAndreasLauritzAndersen",30,Southampton,,male,0
3rd,"Skinner,MrHenryJohn",30,Southampton,,male,0
3rd,"Skoog,MasterHarald",30,Southampton,,male,0
3rd,"Skoog,MasterKarl",30,Southampton,,male,0
3rd,"Skoog,MissMabel",30,Southampton,,female,0
3rd,"Skoog,MissMargit",30,Southampton,,female,0
3rd,"Skoog,MrWilliam",30,Southampton,,male,0
3rd,"Skoog,MrsWilliam",30,Southampton,,female,0
3rd,"Slabenoff,MrPetco",30,Southampton,,male,0
3rd,"Slocovski,MrSelman",30,Southampton,,male,0
3rd,"Smiljanovic,MrMile",30,Southampton,,male,0
3rd,"Smyth,MissJulia",30,Southampton,,female,1
3rd,"Solvang,MrsLenaJacobsen",30,Southampton,,female,0
3rd,"Somerton,MrFrancisWilliam",30,Southampton,,male,0
3rd,"Sop,MrJules",30,Southampton,,male,1
3rd,"Spector,MrWoolf",30,Southampton,,male,0
3rd,"Staneff,MrIvan",30,Southampton,,male,0
3rd,"Stankovic,MrJovan",30,Southampton,,male,0
3rd,"Stanley,MissAmyZillaElsie",30,Southampton,,female,1
3rd,"Stanley,MrEdwardRoland",30,Southampton,,male,0
3rd,"Storey,MrThomas",30,Southampton,,male,0
3rd,"Stoyehoff,MrIlia",30,Southampton,,male,0
3rd,"Strandberg,MissIdaSofia",30,Southampton,,female,0
3rd,"Stranden,MrJuho",30,Southampton,,male,1
3rd,"Strilic,MrIvan",30,Southampton,,male,0
3rd,"Strom,MrsWilhelm",30,Southampton,,female,0
3rd,"Strom,MissTelma(Selma)Matilda",30,Southampton,,female,0
3rd,"Sunderland,MrVictorFrancis",30,Southampton,,male,1
3rd,"Sundman,MrJohanJulian",30,Southampton,,male,0
3rd,"Sutehall,MrHenry,Jr",30,Southampton,,male,0
3rd,"Svensson,MrJohan",30,Southampton,,male,0
3rd,"Svensson,MrJohanCervin",30,Southampton,,male,1
3rd,"Svensson,MrOlof",30,Southampton,,male,0
3rd,"Tannous,MrThomas",30,Southampton,,male,0
3rd,"Tenglin,MrGunnarIsidor",30,Southampton,,male,1
3rd,"Theobald,MrThomasLeonard",30,Southampton,,male,0
3rd,"Thomas,MrsAlexander",30,Southampton,,female,1
3rd,"Thomas,MasterAssadAlexander",30,Southampton,,male,0
3rd,"Thomas,MrCharles",30,Southampton,,male,0
3rd,"Thomas,MrJohn,Jr",30,Southampton,,male,0
3rd,"Thomas,MrJohn(?1st/2ndclass)",30,Southampton,,male,0
3rd,"Thomson,MrAlexander",30,Southampton,,male,0
3rd,"Thorneycroft,MrPercival",30,Southampton,,male,0
3rd,"Thorneycroft,MrsPercival",30,Southampton,,female,1
3rd,"Tikkanen,MrJuho",30,Southampton,,male,0
3rd,"Tobin,MrRoger",30,Southampton,,male,0
3rd,"Todoroff,MrLalio",30,Southampton,,male,0
3rd,"Toerber,MrErnestWilliam",30,Southampton,,male,0
3rd,"Tomlin,MrErnestPortage",30,Southampton,,male,0
3rd,"Torfa,MrAssad",30,Southampton,,male,0
3rd,"Tornquist,MrWilliamHenry",30,Southampton,,male,1
3rd,"Touma(Thomas),MrsDarwin",30,Southampton,,female,0
3rd,"Touma(Thomas),MasterGeorge",30,Southampton,,male,0
3rd,"Touma(Thomas),MissHannah",30,Southampton,,female,0
3rd,"Turcin,MrStefan",30,Southampton,,male,0
3rd,"Turja,MissAnnaSofia",30,Southampton,,female,1
3rd,"Turkula,MrsHedvig",30,Southampton,,female,0
3rd,"Uzelas,MrJoso",30,Southampton,,male,0
3rd,"VanBilliard,MrAustinBlyler",30,Southampton,,male,0
3rd,"VanBilliard,MasterJamesWilliam",30,Southampton,,male,0
3rd,"VanBilliard,MasterWalterJohn",30,Southampton,,male,0
3rd,"VanderPlanke,MissAugusta",30,Southampton,,female,0
3rd,"VanderPlanke,MrJules",30,Southampton,,male,0
3rd,"VanderPlanke,MrsJules",30,Southampton,,female,0
3rd,"VanderPlanke,MrLeon",30,Southampton,,male,0
3rd,"VanderSteen,MrLeoPeter",30,Southampton,,male,0
3rd,"VandeVelde,MrJohnJoseph",30,Southampton,,male,0
3rd,"Vandewalle,MrNestorCyriel",30,Southampton,,male,0
3rd,"VanImpe,MissCatharine",30,Southampton,,female,0
3rd,"VanImpe,MrJeanBaptiste",30,Southampton,,male,0
3rd,"VanImpe,MrsJeanBaptiste",30,Southampton,,female,0
3rd,"Vartunian,MrDavid",30,Southampton,,male,1
3rd,"Vassilios,MrCatavelas",30,Southampton,,male,0
3rd,"Vendel,MrOlofWdvin",30,Southampton,,male,0
3rd,"Vereruysse,MrVictor",30,Southampton,,male,0
3rd,"Vestrom,MissHuldaAmandaAdolfina",30,Southampton,,female,0
3rd,"Vonk,MrJenko",30,Southampton,,male,0
3rd,"Ware,MrFrederick",30,Southampton,,male,0
3rd,"Warren,MrCharlesWilliam",30,Southampton,,male,0
3rd,"Wazli,MrYousif",30,Southampton,,male,0
3rd,"Webber,MrJames",30,Southampton,,male,0
3rd,"Wennerstrom,MrAugustEdvard",30,Southampton,,male,1
3rd,"Wenzel,MrLinhart",30,Southampton,,male,0
3rd,"Widegren,MrCharlesPeter",30,Southampton,,male,0
3rd,"Wiklund,MrJacobAlfred",30,Southampton,,male,0
3rd,"Wilkes,MrsEllen",30,Southampton,,female,1
3rd,"Willer,MrAaron",30,Southampton,,male,0
3rd,"Willey,MrEdward",30,Southampton,,male,0
3rd,"Williams,MrHowardHugh",30,Southampton,,male,0
3rd,"Williams,MrLeslie",30,Southampton,,male,0
3rd,"Windelov,MrEinar",30,Southampton,,male,0
3rd,"Wirz,MrAlbert",30,Southampton,,male,0
3rd,"Wiseman,MrPhillippe",30,Southampton,,male,0
3rd,"Wittevrongel,MrCamiel",30,Southampton,,male,0
3rd,"Yalsevac,MrIvan",30,Southampton,,male,1
3rd,"Yasbeck,MrAntoni",30,Southampton,,male,0
3rd,"Yasbeck,MrsAntoni",30,Southampton,,female,1
3rd,"Youssef,MrGerios",30,Southampton,,male,0
3rd,"Zabour,MissHileni",30,Southampton,,female,0
3rd,"Zabour,MissTamini",30,Southampton,,female,0
3rd,"Zakarian,MrArtun",30,Southampton,,male,0
3rd,"Zakarian,MrMaprieder",30,Southampton,,male,0
3rd,"Zenn,MrPhilip",30,Southampton,,male,0
3rd,"Zievens,Rene",30,Southampton,,female,0
3rd,"Zimmerman,Leo",30,Southampton,,male,0